name	pd1	pd2	pd3	pg1	pg2	pg3	rd1	rd2	rd3	rg1	rg2	rg3	yd1	yd2	yd3	yg1	yg2	yg3
AAC1	385	520	529	393	510	284	585	301	396	533	524	478	2935	1995	2352	831	752	440
AAC3	13	27	17	798	588	217	12	7	12	675	578	541	1029	789	981	681	694	257
AAD3	79	76	184	62	68	50	79	56	66	36	63	93	123	119	90	61	118	54
AAD4	0	0	1	0	0	0	0	0	0	0	0	0	0	0	0	0	0	0
AAD6	616	71	726	209	170	223	306	131	154	262	170	292	1090	802	689	242	250	73
AAH1	3353	3848	8380	3400	3310	3962	2896	2790	4061	3623	3129	6050	2654	1794	2799	4420	3553	3341
AAN1	1	56	10	19	43	15	63	44	2	18	47	18	173	211	120	22	52	15
AAP1	1165	1151	1227	381	1034	523	445	848	631	503	947	612	587	722	466	461	1474	409
AAT1	749	222	798	432	237	211	653	130	256	512	255	273	1320	1003	1092	368	409	256
AAT2	0	4	1	8	19	0	11	5	0	14	36	0	61	63	32	11	32	2
ABP1	93	149	97	208	67	57	378	192	96	223	110	89	606	556	504	202	224	79
ABP140	258	80	68	137	101	176	172	94	264	149	77	190	563	469	461	146	134	71
ABZ1	3575	10677	13700	2911	8813	6221	3680	8610	7403	3213	9123	9145	5007	4298	3146	4713	10706	4231
ABZ2	0	0	0	2	0	0	0	0	0	4	0	0	2	0	2	0	0	2
ACA1	510	212	279	126	113	66	141	214	107	198	111	134	597	514	578	179	155	58
ACB1	305	249	341	143	432	86	235	523	160	235	300	210	776	727	584	215	199	108
ACF2	215	200	106	273	86	63	362	50	13	303	135	96	610	575	505	111	151	54
ACF4	17256	16641	60719	12996	13924	30229	15132	14810	31129	13801	15022	48371	3836	2995	5117	6824	7565	8544
ACK1	50	94	197	82	126	91	136	171	260	117	188	191	811	767	676	225	282	95
ACL4	6	93	12	163	175	14	176	133	12	132	100	7	341	259	249	96	80	42
ACM1	288	413	417	222	279	265	164	328	248	197	279	245	1441	941	934	458	322	134
ACO2	0	24	301	15	20	72	13	10	62	39	17	143	316	201	178	47	44	31
ACS1	188	707	1868	274	642	688	314	545	749	326	528	640	1028	1033	771	593	1164	338
ADA2	0	0	0	0	0	0	0	0	0	0	0	0	3	36	0	0	12	0
ADD37	0	0	0	0	0	0	1	0	0	0	0	0	10	12	4	2	4	0
ADD66	522	485	903	821	665	319	589	439	224	644	529	600	1355	940	1196	1051	919	556
ADE1	0	0	0	0	0	0	0	0	0	0	0	0	19	6	17	8	8	2
ADE16	5571	7557	16168	5380	6571	6335	4496	4665	6245	5908	6339	11598	2584	1762	2029	7598	8190	6746
ADE17	23770	21151	44780	22329	15149	16992	18241	8427	16359	24096	14011	28914	10314	7376	10809	21983	19300	14086
ADE3	0	0	327	0	0	0	0	0	0	0	0	11	14	6	9	6	2	10
ADE4	4	0	0	0	0	0	4	0	0	0	0	0	0	8	0	2	2	0
ADE6	0	0	0	0	0	0	0	0	0	0	0	0	7	0	0	0	2	0
ADH2	179	7	158	104	60	35	46	34	34	78	81	82	506	352	328	102	55	47
ADH4	170	31	2	169	44	0	24	6	2	194	82	1	559	523	539	116	181	69
ADH5	42	351	328	32	156	46	28	236	63	35	159	29	681	425	453	148	162	62
ADH6	267	551	852	266	312	202	285	159	157	356	190	276	2149	1530	1376	433	402	205
ADI1	252	257	671	167	149	122	196	128	211	148	227	236	853	711	629	181	209	91
ADK1	0	0	0	0	0	0	0	0	0	0	0	0	8	6	10	4	4	2
ADK2	1777	758	859	295	600	302	419	1094	358	408	604	345	3537	2904	2746	766	854	361
ADP1	0	27	0	0	26	9	0	2	0	4	30	2	310	130	191	45	63	22
ADR1	0	0	0	0	0	0	0	0	0	0	0	0	0	0	0	0	0	2
ADY2	234	146	488	114	223	125	94	80	109	113	184	165	485	451	438	326	384	140
ADY3	320	159	366	139	229	148	121	209	311	188	220	171	1654	1375	1420	431	428	172
ADY4	494	164	377	102	155	93	51	365	78	53	134	86	824	717	686	253	231	108
AEP1	0	0	2	8	10	0	0	0	0	9	15	0	99	126	50	13	26	8
AFB1	31	41	72	100	77	48	64	29	44	108	60	45	493	388	395	118	89	58
AFG1	113	147	137	234	172	71	202	197	136	267	160	118	1045	880	838	256	282	126
AFG3	0	1	0	0	1	0	0	0	0	0	0	0	4	6	0	0	0	0
AFI1	54	50	106	70	79	45	88	80	71	71	58	105	130	66	108	64	82	83
AFR1	218	91	73	82	38	93	169	99	111	159	51	75	793	599	609	180	233	90
AFT2	2	2	0	1	2	1	0	0	0	0	0	1	0	1	2	1	0	1
AGC1	11	28	102	12	42	13	11	26	25	6	38	58	65	26	24	41	59	42
AGE1	525	303	487	380	149	147	391	133	133	327	148	254	1388	999	1045	305	301	140
AGE2	83	79	87	2290	2027	752	40	49	17	2003	2000	1896	1638	1174	1360	1760	1631	861
AGP2	0	0	0	0	0	0	0	0	0	0	0	0	2	0	0	0	0	0
AGP3	46	51	101	57	14	28	57	24	50	49	21	49	378	255	218	75	94	27
AGX1	393	692	959	284	709	424	507	524	588	361	532	588	504	480	388	424	847	357
AHA1	38	6	330	29	19	57	14	0	80	41	8	55	319	235	268	61	62	47
AHC1	1316	629	658	1167	832	566	943	418	414	1155	833	841	935	574	771	1073	937	591
AHC2	2	0	1	0	1	0	0	0	1	0	0	0	2	3	1	0	1	0
AHP1	333	152	529	295	256	201	286	132	167	281	196	240	1373	908	970	289	414	260
AHT1	385	744	1537	523	565	470	505	819	532	488	698	951	894	677	737	744	811	411
AIF1	63	6	21	38	5	8	39	46	14	41	38	8	130	116	111	24	31	21
AIM11	1	0	12	0	5	7	1	9	52	3	9	6	151	189	153	36	55	21
AIM14	666	746	902	570	477	321	560	584	405	585	520	357	2500	2137	2098	461	616	245
AIM17	1043	1086	1127	830	983	492	1316	675	703	997	841	949	2111	1514	1470	1392	1363	562
AIM18	8	9	16	75	39	36	22	4	17	72	45	58	426	322	314	100	86	32
AIM19	1928	2623	2949	1214	1613	1401	1603	1735	1997	1329	1970	1923	1955	1665	1482	1302	2266	1200
AIM2	2	0	2	5	2	0	0	0	2	0	2	4	7	4	0	2	2	0
AIM20	3044	1082	1396	1170	675	668	1224	629	775	1394	763	745	6051	4687	4213	1474	1506	699
AIM21	174	86	176	250	49	78	141	29	115	250	58	66	741	548	534	181	154	56
AIM24	110	40	59	20	27	34	30	26	74	44	31	36	311	283	225	58	52	40
AIM25	1290	661	520	797	550	321	865	880	401	870	480	305	1725	1199	1250	971	956	393
AIM26	101	111	84	82	129	17	21	45	70	133	114	24	486	332	307	217	148	73
AIM29	0	4	1	6	2	9	1	5	0	3	1	72	126	204	91	22	33	30
AIM32	6732	8629	18200	5967	5967	7454	4983	4191	7614	6600	5994	12615	3848	2904	3992	8186	6710	5165
AIM33	275	512	510	288	270	98	307	198	159	212	221	179	1328	924	981	382	251	146
AIM36	15	9	4	29	25	0	16	12	2	29	39	5	198	171	152	35	31	24
AIM39	2488	1995	3002	2221	1746	1171	1891	1169	1816	2105	1537	2297	1931	1168	1328	2341	1958	1172
AIM4	0	0	0	0	1	0	0	0	0	0	0	0	0	0	0	0	0	0
AIM41	43	56	80	1297	1159	473	28	11	32	1176	1070	898	1792	1426	1463	1171	1110	519
AIM46	369	511	773	718	973	736	334	664	614	752	920	1140	1283	932	957	974	1359	658
AIM7	1	0	1	0	2	0	1	0	0	1	1	0	1	1	1	0	2	0
AIM9	28	24	20	828	657	223	33	20	15	682	572	448	850	619	816	568	619	241
AIP1	8169	6599	19567	23985	18723	22789	5079	4002	6997	20218	15991	56705	5553	3611	6806	14699	14779	22472
AIP5	941	304	556	409	292	64	369	206	109	446	173	66	1404	985	1075	268	270	181
AIR1	679	479	671	453	299	250	592	345	332	458	239	442	901	727	619	280	301	112
AIT1	17	74	69	52	65	50	39	103	59	30	72	66	458	287	311	96	118	29
AKL1	154	201	1	48	39	0	137	39	1	69	19	0	132	104	87	20	49	18
AKR2	161	137	117	104	68	51	86	106	184	103	82	98	527	318	330	116	76	54
ALB1	112	33	76	125	34	20	175	1	6	96	12	14	290	238	243	58	76	44
ALD2	139	266	42	89	86	57	73	86	49	165	86	170	650	491	537	146	133	68
ALD3	63	121	216	99	48	81	168	125	192	117	57	139	482	448	373	139	117	75
ALD4	519	104	94	191	41	24	203	8	26	334	24	59	645	572	564	162	178	68
ALD5	327	110	174	754	945	284	286	127	76	785	893	437	1252	1006	1015	665	782	313
ALF1	3	3	4	69	57	27	1	1	1	104	84	9	532	477	338	152	324	87
ALG12	2385	1168	1230	477	290	347	996	1320	455	570	329	571	1039	683	745	415	366	147
ALG6	3	2	10	8	0	2	2	2	6	0	2	3	16	14	14	2	6	0
ALG7	0	0	0	0	1	0	0	0	0	0	0	0	0	0	0	0	0	0
ALK1	0	0	0	0	0	1	0	0	0	0	0	0	0	0	0	0	0	0
ALO1	588	693	1028	483	530	466	485	647	486	634	654	598	622	442	458	483	973	376
ALP1	0	0	0	0	0	0	0	2	0	0	0	0	0	0	0	0	2	0
ALR1	0	0	0	0	0	0	0	0	0	0	0	1	0	0	0	0	0	0
ALR2	385	287	417	275	173	288	265	210	222	346	198	322	865	600	629	219	185	129
ALT1	626	288	1330	537	346	495	533	234	489	592	378	668	1701	1303	1302	917	744	408
ALT2	37	33	118	13	35	20	33	51	46	6	30	51	38	44	18	25	64	33
ALY1	1969	852	1606	1223	505	675	1661	718	924	1525	526	1013	2124	1155	1703	1108	893	484
ALY2	355	199	147	350	249	196	237	121	138	393	197	295	525	371	445	242	230	116
AMD1	43	50	285	33	56	34	40	51	80	43	51	76	82	59	59	61	124	113
AMD2	1200	3724	3105	812	2635	1154	1014	2521	1907	823	2639	1680	1388	1325	1070	1409	3370	1267
AMF1	3383	5431	4592	1719	4024	2301	2068	3488	2073	1896	3990	3089	2363	2269	1611	2170	4924	1712
AMN1	170	114	52	134	79	41	111	105	29	138	102	63	469	367	353	110	83	51
AMS1	31	68	101	58	49	36	40	78	77	71	39	75	408	285	245	76	85	45
ANR2	1893	2926	4165	1508	2375	1763	1731	1736	2174	1646	2327	2803	1901	1782	1231	1520	4066	1274
ANS1	29	289	25	113	148	95	44	258	202	96	141	194	404	367	259	65	97	44
ANY1	537	206	56	383	209	114	310	144	134	483	219	170	1256	748	885	334	406	159
APA1	1533	1216	1084	1510	1044	847	1609	796	463	1697	885	1374	1681	925	1345	1516	1111	491
APA2	95	69	291	148	82	64	99	2	44	179	47	86	760	599	579	141	135	76
APC9	1574	170	1196	486	218	343	725	195	391	698	201	495	2067	1541	1743	485	530	246
APD1	334	291	492	255	201	129	445	199	200	262	201	215	1199	740	888	368	271	177
APE1	56	5	72	32	22	9	50	26	33	20	19	20	201	131	126	34	50	38
APE2	342	14	104	54	20	88	89	7	155	53	10	90	579	509	410	126	142	87
APE3	444	1130	857	667	745	592	840	619	653	932	799	569	640	572	564	984	1194	419
APE4	2345	1917	3550	2210	1890	1815	1955	1687	1610	2283	1884	2391	1857	1265	1560	2004	2035	840
APJ1	122	203	42	90	118	50	15	82	16	61	111	80	269	368	152	101	110	52
APL1	298	365	295	223	62	98	403	88	178	207	88	170	588	589	615	149	182	78
APL2	72	85	145	1367	1376	1015	29	23	44	1386	1120	2559	1493	987	1496	1474	1272	782
APL4	937	3590	3016	531	4182	2065	354	1162	1962	582	3576	3347	984	1058	759	953	3690	1330
APL5	114	43	117	100	64	96	54	47	124	177	39	67	845	615	650	125	191	89
APL6	236	51	362	123	128	125	51	47	188	156	77	105	947	781	626	254	343	109
APM2	4792	3678	9412	4617	3116	4508	3537	2523	3860	4951	3159	8547	3055	2033	3066	4502	4287	3185
APM3	52	0	7	14	1	22	24	0	20	15	0	9	295	200	175	35	74	20
APM4	2	0	0	1	2	0	0	0	0	0	3	0	0	0	0	0	1	0
APN1	643	1442	1645	499	1109	592	567	729	525	521	1119	924	767	614	593	650	1180	475
APP1	31	1	101	36	11	13	30	0	43	34	25	18	204	136	116	56	42	41
APQ12	58	201	186	148	147	333	82	278	493	153	146	578	1535	1655	1559	1066	1588	707
APS1	81	131	360	192	266	168	77	80	139	176	195	284	823	588	566	264	252	129
APS2	131	138	15	75	99	23	57	214	3	94	108	70	415	344	324	135	129	32
APS3	178	22	7	38	16	14	42	26	0	27	29	6	289	257	252	84	55	31
APT1	0	0	0	0	0	0	1	0	0	0	0	0	0	0	0	0	0	0
APT2	0	0	0	0	0	0	0	0	0	0	0	0	2	0	0	0	0	0
AQR1	545	2389	1815	761	1400	1296	940	1260	1201	731	1437	1266	777	812	639	921	1817	694
AQY2	571	87	283	380	178	100	421	93	105	575	172	188	1577	1070	1090	278	254	153
AQY3	148	101	59	28	124	95	31	62	38	67	163	125	781	600	556	159	158	93
ARA2	160	200	207	139	116	92	75	20	96	162	96	85	752	571	622	217	211	90
ARC1	0	0	0	1	0	0	0	0	0	1	0	0	2	21	6	1	2	6
ARD1	0	2	2	0	0	0	0	1	1	0	2	4	25	21	14	22	41	8
ARE1	297	139	151	98	105	52	128	57	62	115	89	53	496	393	401	143	124	43
ARE2	321	435	628	268	454	285	276	336	256	303	434	433	261	197	289	447	392	297
ARF1	1	0	0	0	61	6	0	1	16	3	30	0	342	485	287	150	173	59
ARF3	204	108	331	224	66	37	600	14	35	346	83	89	1046	784	796	229	187	112
ARG1	386	303	247	178	239	176	301	533	228	205	194	212	972	817	673	256	249	121
ARG2	173	62	290	48	126	92	125	51	47	77	81	107	604	370	528	150	239	74
ARG3	119	119	79	166	57	75	134	66	66	236	51	101	588	458	494	167	179	65
ARG4	249	1065	1757	394	720	714	204	861	814	309	808	797	537	452	322	476	1090	330
ARG56	106	161	165	234	83	98	160	56	74	203	119	106	538	304	402	220	141	101
ARG7	2	0	0	2	0	0	1	0	0	0	2	2	2	0	2	2	0	0
ARG80	39	29	18	49	55	9	74	24	5	48	30	31	292	205	271	60	77	22
ARG81	5	11	0	0	41	0	4	17	0	4	14	1	76	51	38	6	12	21
ARH1	0	0	0	0	0	0	0	0	0	0	0	0	0	1	0	0	0	0
ARI1	277	587	388	263	427	134	222	475	270	329	375	275	1406	1134	1108	389	346	197
ARK1	39	69	167	27	66	67	47	85	82	34	81	157	437	331	281	94	86	34
ARL1	43	74	50	75	72	34	55	27	18	97	74	64	399	198	292	175	152	67
ARN1	3151	1858	7162	2754	1692	2368	2345	1257	2167	2927	1738	4792	1848	1392	1827	2550	2356	2152
ARN2	6215	5295	14037	6293	4459	6869	4786	3230	5609	6631	4197	11216	4318	3353	4404	5860	5467	4572
ARO1	0	0	0	0	0	0	0	0	0	0	1	0	13	11	6	8	3	4
ARO10	305	287	281	129	175	39	83	157	43	182	183	98	913	686	703	189	197	94
ARO2	77	29	11	50	39	17	40	25	42	38	39	27	155	150	122	113	80	64
ARO3	510	127	672	130	49	63	142	57	112	162	31	136	1040	914	804	232	261	99
ARO7	2862	3669	7292	2933	2976	3034	2256	2514	3340	3146	3156	4875	1929	1607	1989	3577	3599	2121
ARO80	279	519	788	272	409	267	391	324	387	342	476	339	1205	884	927	499	419	219
ARO9	72	10	137	5	19	26	15	0	15	6	21	62	77	69	82	46	38	26
ARP1	140	67	29	42	30	22	34	8	0	132	25	101	200	191	138	32	56	13
ARP5	0	0	0	0	0	0	0	0	1	0	0	0	0	0	0	0	0	0
ARP6	2	0	0	2	3	0	7	12	6	1	2	0	149	132	113	37	74	28
ARP8	0	0	2	0	4	0	0	0	1	1	0	1	51	199	52	12	50	6
ART10	918	1823	2809	985	1169	1104	1541	1458	1461	1061	1157	1610	1309	985	1006	1233	1753	808
ARX1	0	0	38	0	8	0	1	0	2	2	4	1	126	339	153	33	62	20
ASE1	268	15	0	148	83	17	236	45	5	190	48	35	552	426	461	180	199	84
ASF1	0	0	0	0	0	1	0	0	0	0	0	0	27	54	21	6	8	0
ASF2	0	0	0	0	0	0	0	0	0	0	2	2	0	0	0	2	0	0
ASG1	63	154	162	121	164	94	118	123	115	148	102	107	874	537	549	187	138	110
ASG7	0	0	0	0	0	0	2	2	0	0	2	0	0	0	0	4	0	0
ASH1	56	0	106	121	6	22	65	37	14	159	20	40	625	347	355	119	89	53
ASI1	0	0	0	0	0	0	0	0	0	0	0	0	2	2	0	0	0	0
ASI2	10945	10714	22112	9999	8253	9746	8201	6441	9282	10668	8403	15940	6094	4557	6179	10902	10495	8030
ASI3	654	354	71	215	134	90	188	127	145	275	148	153	1234	874	874	289	302	120
ASK10	184	35	95	62	37	35	61	30	35	85	47	85	390	301	308	67	85	47
ASN2	1356	1860	2927	1330	1301	1420	1641	1107	1613	1313	1448	1999	2096	1163	1421	1787	1706	848
ASP1	6	4	13	197	130	74	3	2	2	181	141	149	351	226	288	170	194	105
ASR1	182	9	559	87	10	36	39	20	45	88	21	66	275	187	203	53	74	26
AST2	88	94	332	173	100	92	329	69	100	254	89	167	902	632	633	313	273	120
ATC1	154	35	107	151	53	62	165	51	136	157	55	35	327	286	307	178	226	48
ATF1	297	132	149	335	158	107	319	60	194	413	165	176	900	796	699	219	234	106
ATF2	53	45	114	90	94	126	12	74	46	85	69	194	343	248	310	119	107	64
ATG1	200	427	893	283	420	403	344	390	320	379	374	431	1061	931	726	369	662	244
ATG10	206	223	352	306	108	228	434	91	252	389	150	234	1832	1534	1403	346	395	155
ATG11	0	0	0	0	0	2	0	0	0	1	0	0	6	15	6	2	2	2
ATG12	242	244	226	168	139	59	351	77	118	306	145	100	1008	755	808	220	216	69
ATG14	205	1358	1732	325	543	492	332	653	555	409	748	635	622	681	445	297	818	183
ATG15	1363	1870	587	384	786	442	339	1410	225	509	864	236	1031	862	583	734	1258	382
ATG16	2369	1941	3398	1904	1220	2225	2199	1315	1962	2518	1550	2051	4618	2640	3554	2684	2026	1196
ATG18	400	641	1531	458	485	704	890	422	950	560	471	869	2317	1401	1813	961	869	504
ATG19	207	602	423	233	185	112	281	159	139	211	270	177	1067	838	799	433	252	148
ATG20	0	0	0	51	0	2	0	1	0	86	1	0	51	92	23	11	4	4
ATG21	1237	1403	1313	407	855	454	750	1053	649	709	693	675	2876	1950	1529	1055	1249	471
ATG23	379	1151	1097	215	695	539	527	999	618	284	839	504	896	1165	631	655	1191	303
ATG26	68	611	618	72	298	196	164	158	251	95	247	311	268	198	226	167	331	109
ATG27	321	116	15	35	57	32	27	57	8	22	70	28	538	381	325	117	120	38
ATG29	675	54	87	423	86	73	691	82	73	588	72	52	929	840	762	220	284	103
ATG3	30	173	121	125	129	110	175	149	74	138	112	123	649	416	429	82	119	30
ATG31	687	129	248	224	184	47	397	321	77	233	119	103	896	686	647	209	167	73
ATG32	466	317	757	276	146	178	353	79	231	413	156	336	796	767	666	433	376	195
ATG33	1494	1265	1930	1327	1044	1124	1486	987	1074	1545	988	1397	3285	1704	2375	2072	1793	1000
ATG34	0	0	0	0	0	0	0	0	0	0	0	0	0	2	0	0	0	0
ATG36	2465	2063	3868	2368	2892	2418	2085	1547	1880	2425	2618	3266	2497	2012	1973	2060	2833	1481
ATG38	1614	132	982	782	199	409	1398	198	485	1032	167	382	1498	1017	1248	739	578	361
ATG39	595	818	2001	314	379	545	505	612	364	457	448	504	1270	894	980	576	449	287
ATG40	219	130	294	138	33	56	187	112	83	167	57	66	559	442	440	136	117	73
ATG41	3	2	6	2	0	0	6	3	0	3	8	12	39	14	20	9	6	3
ATG42	624	193	171	269	122	139	496	276	170	334	89	164	676	494	570	135	204	78
ATG5	1096	1532	2227	372	1066	793	593	1643	1119	504	1248	1130	1036	745	629	727	1849	667
ATG7	1616	852	1633	1199	735	572	1316	505	595	1300	764	802	1469	764	1351	1333	821	517
ATG8	0	0	0	0	0	0	0	0	0	0	0	1	0	0	0	0	0	0
ATG9	57	416	116	64	172	42	45	195	90	76	101	89	678	538	491	140	203	75
ATH1	13	10	33	14	14	6	32	18	23	14	11	10	61	32	28	17	35	13
ATM1	0	0	0	0	0	0	0	0	0	0	0	1	0	0	0	0	0	0
ATO2	92	104	395	42	150	137	17	24	85	45	67	213	339	270	323	91	65	57
ATO3	0	0	0	0	0	0	2	0	0	0	0	0	2	4	0	0	2	0
ATP10	0	6	0	0	25	1	0	0	0	0	8	0	26	21	16	2	2	8
ATP15	0	0	1	0	0	0	0	0	0	0	0	0	0	0	0	0	0	0
ATP18	0	2	4	0	6	32	1	2	30	2	9	10	150	187	129	41	34	9
ATP19	1671	924	683	939	512	321	1344	1111	370	1278	748	461	4190	2984	3241	1194	1109	445
ATP20	5	13	3	28	55	26	2	27	7	31	27	3	179	239	134	36	76	22
ATP22	0	0	0	0	0	0	0	0	0	0	0	0	0	0	2	0	0	0
ATP23	0	0	0	0	0	0	0	0	0	0	0	0	6	5	0	0	0	0
ATP25	0	0	0	0	0	0	0	0	0	0	0	0	0	4	2	0	2	0
ATR1	3	51	0	6	36	8	10	9	9	34	32	41	283	207	180	59	55	20
ATR2	34	102	110	55	120	75	72	165	106	81	95	117	483	350	383	114	118	69
ATS1	6	182	8	18	86	41	2	0	7	34	39	73	241	290	160	184	345	107
ATX1	6	4	4	14	14	7	7	4	0	6	11	13	107	108	83	35	23	25
ATX2	145	32	93	34	32	14	32	72	33	59	25	32	206	174	173	50	73	34
AUS1	727	223	70	208	195	39	95	73	83	245	186	32	527	503	382	121	174	61
AVL9	0	0	0	0	0	0	0	0	2	0	0	6	20	11	2	0	0	6
AVO2	241	95	248	219	131	70	134	83	65	199	184	216	384	293	252	237	232	186
AVT1	74	222	237	70	169	122	53	102	172	77	140	124	698	510	447	161	161	59
AVT2	133	79	67	82	69	35	66	63	20	81	47	40	565	413	323	92	104	44
AVT4	2118	949	1947	2038	1099	932	1667	427	1073	1975	1151	1504	1780	1055	1548	1939	1482	772
AVT6	377	436	237	248	230	71	278	168	144	342	249	151	1160	868	916	300	327	149
AVT7	424	543	1193	368	301	201	599	449	325	548	385	276	1225	933	1066	515	523	193
AXL2	1172	133	510	300	64	174	706	69	344	335	72	228	747	559	603	296	289	103
AYR1	1501	1704	2163	1697	1744	1241	1276	1191	1258	1711	1385	2358	750	618	809	1541	1350	813
AYT1	437	177	766	264	94	311	259	110	321	298	91	448	1634	1328	1203	335	367	192
AZF1	1150	2260	3595	635	1646	1713	726	1475	1829	727	1537	2173	1055	975	813	980	2232	808
BAG7	324	251	332	336	261	320	248	185	246	339	295	375	467	283	412	554	361	190
BAP2	319	382	586	304	281	280	369	247	359	324	297	230	1365	981	972	406	366	148
BAP3	61	9	181	180	62	92	190	1	147	202	21	179	902	609	619	222	214	97
BAT2	554	275	640	339	194	208	524	128	105	369	254	269	1151	914	917	287	308	109
BBC1	52	0	132	27	2	31	27	0	45	64	1	56	352	347	294	54	91	45
BCD1	0	0	0	0	0	0	0	0	0	0	0	0	0	1	0	0	0	0
BCH1	747	276	196	252	291	142	366	118	127	341	191	239	1815	1306	1263	556	468	246
BCH2	0	0	0	0	18	1	2	0	0	1	17	0	197	130	80	76	79	14
BCK1	50	137	300	84	56	65	90	22	42	73	60	114	549	397	395	145	173	83
BCS1	0	0	0	0	0	0	0	0	0	0	0	0	20	8	7	0	0	4
BDF2	83	102	55	37	124	7	55	54	0	58	71	9	267	224	219	59	92	52
BDH1	5188	7520	9232	3595	4490	4672	2981	3728	4027	3683	4625	5900	5686	3951	4260	4886	5789	2458
BDH2	69879	68527	308623	58542	54911	154316	68499	52664	150942	67282	56800	272813	16064	11751	19586	29546	33967	38165
BEM1	3	0	0	108	0	0	2	0	0	95	0	0	24	55	24	11	7	0
BEM2	1084	2465	3612	749	1703	1990	1027	1480	2234	939	1639	2765	3066	2736	2309	2220	5677	2278
BEM4	1	0	1	8	2	4	0	0	0	3	1	17	232	289	194	56	88	18
BER1	749	555	429	367	219	241	487	149	214	365	323	375	972	792	923	681	718	393
BET1	68	116	76	2083	2048	370	73	30	9	2336	1960	1049	2270	1665	2043	1422	1286	566
BFA1	605	509	414	212	256	100	508	575	205	260	242	271	709	491	449	203	166	73
BGL2	15	74	153	41	79	64	37	48	60	66	96	166	622	485	429	156	157	92
BIK1	0	0	1	0	1	0	0	0	0	0	0	0	83	92	54	19	36	9
BIM1	460	742	1462	1067	878	669	473	188	548	874	725	858	2079	1670	1739	2362	2994	959
BIO2	635	334	204	284	231	116	335	284	100	326	213	160	1857	1414	1236	406	403	197
BIO3	766	546	332	348	267	247	934	380	206	468	389	355	1837	1523	1475	446	448	155
BIO4	2679	3001	3846	1251	2643	1508	1391	1626	1691	1419	2704	1977	2237	1995	1564	1604	3470	1289
BIO5	1685	1257	1711	2371	1779	1278	1530	970	1077	1919	1536	2126	2436	1647	2366	2607	2246	1453
BIT2	334	153	171	377	147	136	351	344	146	349	208	187	1306	911	981	205	231	101
BIT61	119	17	177	89	37	55	205	59	19	99	61	112	390	290	366	120	146	60
BLI1	678	13	231	48	19	47	105	46	41	70	10	56	368	300	257	44	81	44
BLM10	312	261	282	230	127	51	228	219	152	202	156	169	722	475	547	332	323	149
BLS1	191	221	392	174	130	105	172	129	166	219	125	141	659	469	440	163	136	60
BMH1	454	1026	1839	801	1566	1165	687	605	696	907	1511	1801	3846	3320	2490	1756	1980	808
BMH2	40	26	35	29	1	24	33	10	35	17	31	34	216	202	198	57	43	16
BMT2	1282	1146	726	1293	1150	696	1073	652	485	1508	1303	836	1927	1161	1228	927	951	418
BMT5	245	277	130	203	143	77	266	143	140	269	131	98	912	631	623	163	186	90
BMT6	46	101	102	32	136	34	26	145	72	56	83	75	618	426	427	143	150	63
BNA1	0	0	0	0	0	0	0	0	0	1	0	0	0	0	0	0	0	0
BNA2	276	132	38	151	228	70	72	119	37	125	229	147	548	432	472	180	144	47
BNA3	6	78	12	53	37	8	40	42	1	33	47	14	402	283	280	87	122	71
BNA4	128	83	104	15	56	47	35	52	65	65	52	141	213	187	208	75	47	25
BNA5	2374	2388	4767	2061	2128	2081	2096	1553	2399	2253	2047	3193	1239	1010	1368	2201	2038	1664
BNA7	2791	1258	2288	1250	853	977	1680	995	1274	1534	855	1138	3350	2453	2861	1513	1304	606
BNI1	2	2	16	84	32	35	2	7	27	58	25	73	705	564	522	163	137	58
BNI5	1359	1709	2638	1443	1423	1155	1333	1387	1163	1481	1478	1658	1101	944	984	1236	1706	886
BNR1	2	254	204	1	117	63	0	289	228	5	99	131	552	383	363	167	146	52
BOI2	278	133	114	37	244	29	109	73	15	61	230	37	602	510	475	145	129	71
BOL1	2452	1299	1892	1429	1138	684	1880	1089	1061	1981	1060	1287	8821	6696	6348	1709	1800	948
BOL2	0	0	0	0	1	0	0	0	0	0	0	0	0	0	0	0	0	0
BOL3	686	4608	4042	668	3189	1699	910	4052	2228	998	3502	2178	2609	2284	1467	2031	4567	1202
BOP2	84	159	94	951	309	154	162	37	54	877	276	208	1246	1002	1201	822	805	379
BOR1	1525	990	3938	1016	688	1329	1001	766	1605	1092	690	2005	3995	2822	3028	1815	1807	932
BPH1	732	333	937	335	296	287	276	209	424	471	352	415	1933	1467	1524	457	470	228
BPT1	1059	690	542	881	566	298	1212	311	240	958	524	614	1721	933	1196	767	532	318
BRE1	45	28	75	905	724	430	43	21	15	883	567	1224	1169	767	1076	851	713	409
BRE2	1126	1676	2082	1336	2094	1372	821	1642	1434	1454	1960	2406	872	1131	930	1706	3280	1503
BRE4	1269	2415	2998	832	1910	1793	781	1519	1725	869	1956	2184	1287	996	699	1037	2097	815
BRR1	2	1	11	27	2	19	0	0	0	29	0	0	425	310	332	74	127	21
BRR2	1	0	0	0	0	0	0	0	0	0	0	0	0	0	0	0	0	0
BSC1	133	199	187	187	163	91	257	70	43	202	106	188	539	541	445	287	327	153
BSC2	1337	2010	3285	830	1594	1650	814	1540	1745	855	1648	2075	1329	1173	928	1096	2621	996
BSC4	766	978	1066	380	386	317	342	420	420	445	373	441	2396	1800	1729	487	529	205
BSC6	30	19	95	28	46	79	5	14	16	29	46	79	341	238	237	58	73	50
BSD2	259	333	561	225	277	204	217	275	198	215	170	214	1552	1189	1213	387	364	158
BST1	14	6	10	2	2	2	16	9	3	4	4	0	95	94	79	35	28	4
BTN2	220	210	384	114	146	52	198	164	114	172	132	42	648	480	504	203	149	71
BTT1	137	55	231	100	141	95	103	74	51	132	115	166	546	404	315	212	298	161
BUB1	0	0	0	0	0	0	0	0	0	0	0	0	18	23	20	0	0	0
BUB2	5053	2723	4324	2894	2285	2039	3094	1615	1985	3507	2035	3281	2671	2120	2548	2887	2645	1724
BUD14	0	0	0	0	0	0	0	0	0	2	4	4	0	6	2	2	3	0
BUD16	60	31	108	1079	1024	333	26	19	10	1006	899	1476	2408	1430	1664	1674	1545	1196
BUD17	140	59	442	163	162	91	117	50	117	174	186	295	472	269	315	368	248	230
BUD2	282	176	360	125	107	59	148	102	57	133	97	38	415	333	347	90	115	53
BUD26	0	75	304	1	38	121	0	72	242	0	65	170	317	335	275	62	112	30
BUD27	0	0	0	0	0	0	0	1	0	1	0	0	53	85	60	6	9	10
BUD3	112	88	641	90	97	118	113	155	135	101	126	216	454	336	414	79	95	62
BUD30	0	0	0	0	0	0	0	0	0	0	0	0	0	2	0	0	0	0
BUD31	0	1	1	0	5	0	0	0	1	1	25	0	48	75	39	2	44	10
BUD6	66	435	247	128	178	173	176	201	280	155	224	322	1068	673	759	520	402	203
BUD7	0	0	4	7	2	2	0	4	2	0	6	9	8	0	6	8	4	0
BUD8	355	231	369	129	236	117	304	309	157	166	213	141	1023	795	816	252	235	96
BUD9	47	69	135	43	84	19	98	53	23	65	72	16	338	220	239	51	80	30
BUG1	78	54	0	76	52	29	77	28	11	53	31	36	431	364	343	67	96	39
BUL1	46	1	5	19	6	3	104	1	4	70	1	23	378	425	317	109	101	19
BUL2	1312	692	1221	470	443	390	660	674	550	561	588	510	1409	1187	1323	742	875	310
BXI1	741	108	361	277	126	197	549	68	304	435	88	188	1402	898	925	284	327	136
BYE1	2545	1774	2412	1356	1650	1108	1639	1054	1158	1672	1393	2002	1599	1360	1372	1525	1699	885
BZZ1	601	858	1058	783	806	815	946	542	613	1029	1280	789	1058	735	773	718	871	448
CAC2	96	74	11	144	57	47	54	4	87	110	42	78	347	262	255	55	103	39
CAD1	1202	1110	2911	820	636	1018	1150	705	1259	963	680	1492	3287	2135	2558	1487	1162	577
CAF120	2	6	99	24	15	22	38	8	12	33	20	16	131	124	53	11	23	10
CAF130	4	118	95	1	52	4	71	36	0	28	82	22	227	247	170	65	53	26
CAF16	97	94	232	143	124	45	165	68	114	154	145	216	287	145	221	218	210	166
CAF20	0	0	0	0	0	0	1	0	0	0	0	0	0	0	0	0	0	0
CAF4	18612	16061	86659	17657	16625	38209	22159	20641	44355	18487	17643	68325	5318	3452	6065	7952	8869	11758
CAF40	1	0	1	0	1	1	0	1	0	2	1	2	1	0	0	0	0	0
CAJ1	0	0	0	0	2	0	2	0	0	0	0	4	0	2	3	0	0	0
CAN1	348	774	791	285	273	416	393	355	422	337	351	545	812	751	459	365	669	159
CAP1	266	12	101	166	65	45	447	227	43	238	120	51	891	551	550	255	273	125
CAP2	17	18	34	439	455	144	9	10	1	366	327	414	326	267	312	322	377	237
CAR1	4	11	12	5	3	12	5	3	11	6	6	11	13	4	4	8	4	1
CAR2	880	429	1064	762	441	526	771	481	381	983	511	711	1689	1468	1288	1035	1222	563
CAT2	1199	2572	5408	991	2309	1897	1557	2433	2306	1013	2314	2748	1189	1035	847	1308	2875	1169
CAT5	0	0	0	0	2	0	0	0	0	0	0	0	6	35	11	3	6	0
CBF2	0	0	0	0	0	0	0	0	0	0	0	1	0	0	0	0	0	0
CBF5	0	0	0	0	0	0	0	0	0	0	1	0	0	0	0	0	0	0
CBK1	0	0	0	0	0	1	0	0	0	0	0	1	0	0	0	0	0	0
CBP2	0	0	0	0	0	0	0	0	0	0	0	0	14	2	3	2	4	0
CBP4	0	0	18	0	0	10	0	1	6	1	0	9	13	32	16	3	6	0
CBR1	781	631	488	503	369	224	796	410	132	501	328	233	1439	1072	1107	409	497	219
CBS2	0	0	0	0	0	0	1	0	0	0	1	0	0	0	0	0	0	0
CBT1	0	8	1	0	15	0	0	0	0	1	17	0	51	91	24	2	14	4
CCC1	57	4	44	51	9	19	68	6	32	40	14	42	193	172	152	38	59	38
CCC2	4	0	16	6	6	4	14	2	8	6	2	4	25	14	18	14	10	8
CCE1	273	1	502	86	1	105	245	0	230	119	7	90	482	575	497	153	211	87
CCH1	15	3	11	9	55	25	15	16	41	25	57	70	366	296	272	89	98	43
CCM1	0	0	0	0	0	0	0	0	0	0	0	0	0	0	6	0	2	0
CCP1	107	301	194	106	165	77	250	117	93	163	189	101	370	278	264	242	223	81
CCR4	0	0	0	0	0	0	0	0	0	0	0	0	19	42	33	2	4	7
CCS1	9	36	15	90	17	96	2	0	6	76	12	237	397	506	303	190	391	79
CCT7	0	0	0	0	0	0	0	0	1	0	0	0	0	0	0	0	0	0
CCW14	69	107	295	168	147	96	146	117	119	174	126	102	717	564	562	181	226	119
CCW22	322	233	311	290	184	87	212	166	68	301	171	98	898	513	590	212	223	86
CDA1	16	0	2	4	4	4	0	5	0	6	6	3	30	17	14	2	4	3
CDA2	159	184	279	4088	3069	1783	111	46	77	3621	2616	5281	3692	2351	3344	3355	2823	1746
CDC123	0	0	0	0	0	0	0	0	0	0	0	0	1	0	0	0	0	0
CDC23	0	0	2	0	0	0	0	0	0	0	0	0	0	0	0	0	0	0
CDC25	0	0	0	0	0	0	0	0	0	0	0	0	0	0	1	0	0	0
CDC27	1	0	0	1	0	0	0	0	0	1	0	0	0	0	0	1	0	0
CDC34	0	0	0	0	1	0	0	0	0	0	0	0	0	0	0	0	0	0
CDC45	0	0	0	0	0	0	0	0	0	0	0	0	0	0	0	1	0	0
CDC73	0	0	0	0	10	0	0	0	0	0	16	0	25	51	30	4	14	2
CDC9	0	0	0	0	0	0	0	0	1	0	0	0	0	0	0	0	0	0
CEM1	0	0	0	0	6	0	0	4	0	0	12	0	58	75	24	6	25	2
CEX1	315	556	347	196	270	93	367	249	76	256	180	263	441	473	346	243	444	127
CFD1	6	24	0	206	497	32	8	2	0	230	449	84	263	150	167	143	216	105
CFF1	1101	891	1601	722	673	673	1037	475	696	837	620	987	2023	1461	1276	1030	1062	441
CGR1	31	243	139	104	264	90	162	148	24	134	281	117	2272	2452	1763	456	652	224
CHA4	501	265	587	484	164	220	619	168	450	513	177	446	2605	1957	1800	466	591	259
CHD1	1112	707	1714	687	603	338	694	320	391	809	595	365	3543	2360	2495	1195	1021	446
CHL4	247	393	164	295	416	232	340	88	319	220	322	505	817	814	534	453	1023	276
CHM7	191	288	367	154	181	142	230	226	352	256	197	194	1197	772	756	283	260	136
CHO2	19	72	180	57	40	53	94	20	171	60	56	83	683	668	613	69	90	65
CHS3	16	20	60	18	13	8	59	35	22	28	18	29	126	131	102	18	24	15
CHS6	3	0	13	1	2	2	12	2	2	6	0	0	11	9	2	6	6	0
CHS7	0	0	3	0	0	2	2	0	0	0	0	1	2	0	0	2	0	2
CHZ1	99	64	0	47	79	27	46	33	22	46	65	8	247	220	176	29	62	24
CIK1	90	0	6	16	2	8	0	2	0	23	12	14	229	205	197	131	128	41
CIN1	100	44	480	65	51	89	82	48	37	59	100	128	582	392	402	164	104	25
CIN10	128	22	49	77	19	18	52	29	20	90	46	36	398	258	236	79	105	59
CIN5	218	328	204	356	286	145	309	266	150	346	248	191	963	600	658	304	237	121
CIN8	188	55	0	77	28	2	46	0	1	88	42	0	285	310	260	192	211	92
CIR1	193	89	1	64	66	1	73	150	0	126	52	0	255	165	169	49	60	19
CIS1	339	823	673	591	836	543	580	693	749	717	735	792	1324	1038	867	908	952	402
CIS3	260	157	360	295	184	123	286	167	202	233	164	259	415	248	343	238	215	115
CIT1	14	4	23	16	0	3	9	6	6	6	8	0	114	68	42	2	7	6
CIT2	56	0	178	66	15	14	130	22	47	123	7	27	358	349	307	106	89	41
CKA2	2223	2854	3485	2285	2197	2075	1717	1450	1292	2354	2665	3485	1821	988	1438	3220	4851	2816
CKB2	0	0	45	0	0	7	0	0	4	0	2	11	180	190	101	36	38	16
CKI1	141	173	349	156	151	93	44	225	92	132	147	142	927	689	681	206	282	131
CLB1	1039	2885	3783	738	2259	1941	1094	2238	3020	906	1919	2346	1378	1067	887	1296	2376	947
CLB4	78	32	94	143	65	26	173	78	22	118	68	100	414	210	246	112	108	38
CLB6	1921	2506	1774	736	1549	990	953	1660	1048	766	1604	1167	697	647	557	700	1794	570
CLD1	1324	734	2936	1139	804	754	1134	657	908	1231	780	1942	710	498	642	1074	968	1050
CLG1	41	72	325	141	43	49	124	10	59	123	37	146	576	458	374	107	107	64
CLN1	444	298	293	212	194	113	249	155	59	277	166	146	1024	752	721	157	244	110
CLN2	1	0	0	0	0	0	0	0	0	0	0	0	0	0	0	0	0	0
CLN3	799	601	695	862	445	484	978	342	381	970	401	961	2025	1243	1628	1146	921	510
CLU1	268	219	202	118	165	48	200	185	47	157	188	52	743	523	631	213	188	109
CMC4	374	634	549	1698	1414	682	650	503	417	1810	1341	1314	2308	1842	2205	1274	1545	650
CMG1	1136	1640	1643	1560	1533	1020	1380	831	956	1704	1429	1507	1687	974	1479	1988	1414	695
CMI7	0	0	0	0	2	0	0	0	0	1	0	0	0	0	2	0	0	0
CMK1	343	323	235	310	183	103	418	211	117	324	218	240	1392	1026	1085	304	249	129
CMK2	39	48	17	68	51	24	135	55	57	80	53	29	348	231	233	85	72	49
CMP2	463	131	397	271	131	122	299	227	127	302	161	144	675	347	479	176	162	68
CMR1	42	134	14	65	85	26	90	116	63	118	105	84	417	425	410	151	122	52
CMR2	308	451	612	202	452	213	176	258	225	215	475	339	899	846	723	316	429	239
CMR3	158	113	184	60	112	62	111	108	8	86	125	98	509	405	422	131	111	53
CMS1	59	101	192	125	130	77	163	281	90	141	145	96	607	462	454	146	149	51
CNA1	1612	1328	2639	1450	1131	1296	2007	1163	1229	1818	1205	1195	4884	3050	3769	1748	1360	799
CNB1	33	668	4	96	88	14	60	13	5	65	68	44	721	582	632	215	238	80
CNE1	557	730	298	391	321	172	387	370	173	453	321	380	1614	1319	1144	488	440	154
CNM1	979	184	306	436	157	265	509	100	271	443	167	270	853	469	690	577	409	191
COA1	0	0	0	0	0	0	0	0	0	0	0	0	8	12	0	0	0	0
COA2	14	42	2	15	36	42	36	21	0	17	42	92	376	533	252	70	96	58
COA3	0	0	0	1	0	0	0	0	0	0	0	0	69	57	43	6	10	6
COA4	101	113	2	14	19	2	46	6	0	49	12	15	228	188	138	58	55	14
COA6	20	0	0	2	3	0	12	2	0	14	4	0	21	33	27	8	11	2
COG6	25	6	27	12	23	3	9	10	6	10	21	15	82	37	61	22	30	28
COG8	65	76	60	31	43	50	25	17	32	14	57	82	159	133	170	58	52	36
COQ1	0	0	0	0	0	0	0	0	0	0	0	0	10	2	2	0	0	0
COQ10	0	0	0	0	0	0	0	0	0	0	0	0	30	52	23	5	16	8
COQ11	434	1422	1480	407	1171	682	315	794	776	421	1296	1162	910	602	622	635	1200	483
COQ2	0	0	0	0	0	0	0	0	0	0	0	0	0	2	0	2	0	0
COQ3	0	16	1	0	42	0	1	12	0	0	28	0	46	21	35	3	6	2
COQ4	0	0	258	0	0	6	2	0	39	0	0	10	13	6	8	0	10	0
COQ5	0	0	6	0	0	16	0	0	0	2	0	61	118	127	53	17	22	1
COQ6	0	7	35	4	41	5	2	7	17	6	27	0	378	592	171	50	95	43
COS10	19735	15249	42598	18942	13166	18213	13776	9085	14246	19630	12763	31392	12772	9583	12905	18227	15784	14100
COS111	0	0	2	0	0	0	0	0	0	0	0	0	0	0	0	0	0	0
COS12	762	784	1289	968	765	734	771	843	678	1002	864	1129	812	696	782	919	990	462
COS6	140	18	257	46	96	46	40	40	43	37	84	114	493	445	373	110	116	54
COT1	645	260	747	447	234	432	363	249	510	473	246	637	988	751	704	447	427	163
COX11	0	0	0	0	0	0	0	0	0	0	0	0	4	2	0	0	0	0
COX12	0	0	0	0	0	0	0	0	0	0	0	0	4	8	6	0	2	0
COX15	0	0	0	0	0	0	0	0	0	1	0	0	0	0	0	0	0	0
COX19	0	0	0	0	0	0	0	0	0	0	0	0	18	4	6	2	2	2
COX20	0	0	0	0	0	0	0	0	0	0	1	0	134	154	70	16	58	2
COX23	0	0	0	0	3	0	0	2	0	2	0	0	17	33	20	8	8	0
COX5A	0	0	0	0	0	0	0	0	0	0	0	0	2	0	0	0	0	0
COX5B	357	120	130	291	111	82	318	88	208	295	85	109	841	642	622	285	277	126
COX6	0	0	0	0	0	0	0	0	0	0	0	1	10	21	9	4	2	3
COX8	13	163	1	81	28	11	67	29	22	63	14	4	270	167	125	26	43	26
COX9	0	0	0	0	0	0	0	0	0	0	0	0	6	12	0	2	2	0
COY1	87	188	139	260	161	16	182	154	37	243	118	72	545	389	460	159	144	81
CPA1	11	18	7	26	15	6	18	18	0	30	19	11	76	43	37	10	20	6
CPA2	293	470	422	310	389	166	469	372	162	369	398	196	1265	959	1063	340	321	175
CPR1	0	0	0	0	0	0	0	0	0	0	0	0	0	0	2	2	2	0
CPR2	96	15	190	126	39	41	155	70	96	160	19	135	311	172	266	143	122	62
CPR3	1743	2350	1590	988	1054	706	1268	1255	953	1138	1114	915	4245	3018	3346	1776	1525	819
CPR4	325	306	143	164	73	35	211	107	89	242	81	81	668	542	499	184	144	65
CPR5	1648	967	2224	1852	1056	999	1742	876	848	1732	903	1707	2322	1300	1936	1769	1372	1021
CPR6	78	67	24	63	32	18	102	48	26	60	58	77	346	248	270	132	100	65
CPR7	27	15	25	94	44	8	0	13	0	74	15	22	283	333	169	99	163	82
CPR8	142	37	91	80	37	25	80	29	12	89	59	28	276	202	239	60	30	38
CPS1	339	171	237	261	81	224	411	46	182	326	99	232	678	395	522	450	311	110
CPT1	338	0	260	138	2	44	237	3	91	217	0	126	564	436	493	172	170	69
CQD1	595	858	107	315	380	125	658	279	81	437	362	196	1154	926	769	445	595	180
CQD2	121	183	250	232	71	79	241	15	122	285	35	240	619	495	598	144	148	64
CRC1	0	0	0	0	0	0	0	0	0	0	1	0	5	0	0	0	0	0
CRD1	0	35	14	8	6	29	37	1	76	8	4	23	377	274	272	60	63	26
CRF1	589	575	279	300	385	166	563	347	132	425	423	283	699	637	577	318	394	197
CRG1	114	43	75	85	46	116	157	47	146	123	78	154	969	744	700	210	165	91
CRH1	25	67	26	28	120	53	10	147	80	30	168	45	273	212	293	133	122	50
CRN1	13	8	44	10	9	19	6	3	10	12	5	43	6	4	4	12	8	6
CRP1	0	0	0	0	0	1	0	0	0	0	0	0	2	1	1	0	0	0
CRR1	1800	1007	2411	1422	786	1251	1613	732	1270	1527	749	1805	2684	1774	2081	1819	1687	917
CRS5	2	0	0	0	0	0	0	0	0	0	0	0	0	0	0	0	0	0
CRZ1	763	1203	2429	497	853	650	565	639	747	572	864	851	651	554	392	677	1572	542
CSC1	59	213	315	297	751	183	93	104	136	336	636	535	1223	1103	1168	522	586	284
CSE1	0	0	0	0	0	0	0	0	0	0	0	1	0	0	0	0	1	0
CSE2	1185	1044	1730	1155	845	1204	1097	585	959	1132	801	1817	342	206	359	1610	1337	1294
CSF1	0	0	0	0	28	8	0	6	58	0	8	0	333	335	259	73	68	47
CSH1	1781	2056	3036	2019	2125	1550	1141	1314	1662	1951	1976	2223	2163	1364	2128	2603	1786	1173
CSI1	66	54	311	56	34	50	70	33	46	59	26	65	360	286	271	82	99	34
CSM1	181	85	297	105	190	125	47	144	118	127	207	235	562	669	364	333	656	194
CSM2	6187	6993	20313	5938	6250	7735	4907	5227	6892	5966	6549	13573	1406	1184	1488	5742	7453	6005
CSM3	1101	689	1617	1001	903	659	537	338	646	1087	938	1240	1275	834	1122	1498	1217	607
CSM4	2	4	2	0	2	1	0	2	4	1	1	6	11	2	0	4	2	0
CSR1	132	183	50	92	105	68	306	78	46	171	118	88	579	374	327	142	174	71
CSR2	60	111	406	190	115	159	146	42	96	239	126	327	658	591	642	195	154	92
CSS2	2119	2134	2314	1371	1238	1033	2020	1217	1004	1443	1438	1606	3034	2071	2295	2068	1683	791
CSS3	50	75	172	7	58	20	41	75	25	28	71	34	611	517	380	147	117	55
CST6	414	501	252	66	194	78	101	390	135	112	250	62	718	764	505	758	1934	475
CST9	8272	15873	30895	9698	13860	15759	6855	8942	12602	9879	13420	24412	2674	2661	3214	8225	11770	8881
CTA1	1423	444	1053	1450	1085	987	568	457	657	1295	904	1953	3966	2817	3335	2337	2399	1536
CTF3	281	168	248	191	154	107	242	103	212	249	182	102	527	441	439	207	236	108
CTF8	0	0	0	26	0	0	6	0	0	6	0	1	104	153	93	36	89	17
CTH1	101	114	221	135	78	111	90	36	165	143	52	85	336	254	241	134	171	71
CTI6	207	465	278	392	422	141	255	138	130	481	344	186	1035	863	713	725	1404	393
CTK3	0	0	0	0	0	0	0	0	0	0	0	0	47	39	23	10	21	2
CTL1	278	342	258	346	204	115	202	310	81	291	257	171	1029	840	849	283	266	152
CTO1	39	191	100	49	40	35	57	51	49	48	73	60	329	326	288	117	120	29
CTP1	327	422	876	257	244	408	298	199	334	300	386	435	544	493	416	505	567	171
CTS1	78486	28598	58401	91402	33343	29470	62667	20392	26653	82624	31623	47334	6896	3610	6779	39808	19088	16835
CTS2	145	14	25	76	10	11	108	14	7	65	6	8	205	142	174	69	54	23
CTT1	567	302	574	1305	1318	658	344	115	283	1421	1004	1305	1522	878	1355	1578	1265	634
CUB1	14	45	407	81	78	110	45	92	114	102	118	117	614	572	370	256	327	59
CUE1	624	717	1686	492	412	623	1358	496	782	600	440	656	2013	1357	1710	598	589	296
CUE2	498	141	3	180	75	7	566	46	19	236	83	12	931	728	676	206	238	106
CUE4	172	1	75	86	2	22	109	0	55	95	4	38	328	295	239	74	47	38
CUE5	3112	2277	4715	3553	2526	2795	2661	1634	2136	3295	2221	3876	2563	1562	2149	3518	3253	1965
CUL3	6089	6250	9042	4107	3489	3071	3387	2556	2975	4291	3557	4919	2224	1584	2293	4783	4025	2870
CUP2	994	1672	3187	1355	2180	1512	1023	1270	1309	1426	1820	2478	2634	1608	2612	2868	2223	1285
CUP9	882	4004	4078	689	3038	1760	1094	2732	1789	646	3162	2473	1390	1622	1092	1128	3166	748
CUS1	0	0	0	0	0	0	0	0	0	0	0	1	0	0	0	0	0	0
CUZ1	1195	2683	4328	873	2037	1533	1086	2234	1887	942	2077	1911	1143	1068	822	1075	2597	940
CVM1	774	786	1476	570	434	511	630	354	402	779	430	579	1609	996	1253	1091	927	452
CWC21	332	67	158	309	81	45	591	12	45	262	80	72	889	585	661	231	152	87
CWH43	113	1049	658	61	300	226	221	603	404	81	351	307	1387	1211	1147	377	408	225
CWP1	169	68	56	1708	2181	453	42	45	24	1686	1740	1267	2495	1686	2110	1680	1574	674
CWP2	89	21	134	64	20	49	88	46	52	45	34	97	222	118	104	132	95	115
CYB2	243	115	250	175	103	80	119	280	82	211	115	180	942	532	652	265	232	130
CYB5	557	474	71	265	87	106	302	15	96	343	158	330	947	699	844	430	317	191
CYC1	0	0	96	2	0	36	0	0	34	0	1	71	149	104	90	14	33	12
CYC2	0	0	40	0	0	17	0	1	27	2	0	29	159	214	142	12	45	14
CYC3	0	0	0	0	0	0	0	0	0	0	0	0	43	47	16	6	8	10
CYC7	493	261	57	254	167	53	256	225	71	288	180	61	1093	1001	867	250	348	124
CYM1	195	167	436	137	156	153	336	131	201	205	163	128	782	598	585	203	205	110
CYS3	1	0	1	2	8	4	2	0	2	6	2	1	68	83	35	2	32	3
CYS4	0	0	0	0	0	0	0	0	0	0	0	0	0	4	0	0	2	0
CYT2	0	0	0	1	0	0	0	0	0	2	2	0	36	84	44	3	26	13
DAD1	0	0	0	0	0	0	0	0	0	0	0	1	0	0	0	1	0	0
DAK1	154	162	114	239	30	71	362	55	126	179	35	137	472	415	381	121	106	37
DAK2	2856	5267	9263	2302	5227	4193	2473	4417	4641	2719	4801	5485	3444	3059	2233	2980	6522	2491
DAL1	203	529	132	156	184	91	133	209	185	225	190	123	1258	881	800	231	235	101
DAL2	1	8	33	0	15	13	0	3	12	0	15	40	81	38	108	10	19	4
DAL3	230	364	609	264	344	168	172	256	249	379	368	257	1165	796	755	249	236	101
DAL4	553	749	581	251	245	175	351	263	288	346	267	207	2102	1512	1442	407	468	165
DAL5	2	2	97	29	29	9	15	26	65	56	30	34	413	379	418	91	135	85
DAL7	1277	857	1587	983	760	822	1215	636	777	975	632	916	2452	1463	1800	1479	1259	587
DAL80	2	0	0	0	0	0	0	0	4	0	0	2	0	2	6	0	1	0
DAL81	128	196	644	327	244	275	187	226	226	273	269	336	1304	928	1027	894	1116	644
DAL82	139	125	176	89	107	63	92	182	62	68	147	85	584	448	497	103	126	55
DAN1	1819	4984	5465	1413	3140	1908	1780	2918	1804	1721	3161	2508	1784	1486	1229	1402	3450	1324
DAP1	547	1157	2351	503	1297	1005	765	806	1009	654	1431	1559	1068	988	860	794	1941	795
DAP2	21699	16130	38181	18558	13443	15318	15589	9471	15072	19304	14371	28252	9710	6439	9534	18360	15361	13924
DAS1	14	14	93	17	37	16	11	9	38	15	40	37	276	187	249	57	89	43
DAS2	51	23	36	52	21	26	53	35	26	63	45	36	91	111	105	56	121	35
DAT1	73	214	4	72	12	22	256	34	3	98	42	14	339	277	255	90	80	35
DBP1	770	3099	4170	593	1765	1600	651	1576	1639	683	1928	1743	1083	952	747	923	2139	724
DBR1	0	1	0	0	0	0	0	0	2	0	0	0	0	0	0	0	2	0
DCG1	655	703	1808	634	480	634	902	270	730	729	536	934	1447	1282	922	800	1077	549
DCI1	26	39	186	40	42	32	138	16	61	49	23	38	358	247	266	114	130	45
DCK1	2194	1375	3036	1421	1377	1332	1839	1366	1475	1667	1612	1943	3302	2090	2812	2166	1959	996
DCN1	85	302	154	88	99	171	115	135	73	136	106	179	501	451	393	107	105	52
DCR2	246	73	36	148	77	23	169	38	45	190	130	49	492	393	441	219	140	56
DCS1	0	0	0	0	0	0	0	0	0	0	0	0	10	14	6	1	0	0
DCV1	1253	839	1409	1057	461	594	1774	354	793	1237	396	1043	3214	2013	2406	1300	1162	574
DCW1	57	50	104	99	94	42	109	36	4	185	44	36	651	357	393	122	130	66
DDC1	457	234	38	141	190	62	99	74	70	144	144	64	1119	741	686	254	265	124
DDE1	47	402	620	433	506	248	216	354	342	432	510	362	1110	875	851	390	639	258
DDI1	549	116	361	2267	2203	782	334	102	35	2280	2051	2034	4401	3191	3660	1895	2115	1022
DDL1	59	113	75	54	166	45	111	186	116	116	129	81	453	368	364	65	104	39
DDP1	284	220	173	154	205	167	139	98	160	111	242	173	520	325	333	166	140	67
DDR2	1915	2447	2531	1344	1509	1169	1657	1371	1285	1619	1385	1801	6816	4910	5354	2054	2168	981
DDR48	638	155	595	297	205	177	332	186	204	334	196	292	805	479	615	313	313	158
DEG1	0	0	0	0	1	6	0	0	0	3	0	0	22	16	12	0	4	0
DEP1	0	0	0	2	11	10	0	0	0	5	10	0	188	218	92	28	73	17
DEP1|DRS2	2	0	2	24	1	7	13	0	2	20	8	14	190	306	197	59	86	34
DER1	48	84	471	80	82	207	130	83	175	151	117	316	874	644	605	359	306	178
DET1	506	370	554	253	174	257	335	131	359	316	205	350	1484	1127	1206	329	368	194
DFG5	48	174	227	99	125	65	80	91	55	134	112	143	1195	939	862	281	249	104
DFM1	137	176	41	164	126	88	155	60	107	279	121	117	677	602	612	172	200	103
DFP1	78	39	39	68	23	40	80	8	19	93	34	65	542	344	342	108	98	37
DFP2	12857	12617	44723	9064	9475	19962	11007	11375	23968	9688	10787	29677	4727	3193	4949	6096	7275	7806
DFP3	58	0	18	38	4	0	52	20	8	45	13	12	104	87	72	27	16	14
DFP4	1458	1243	3451	1586	1218	975	1171	790	1121	1569	1278	2584	1163	851	1087	1625	1581	1467
DGA1	132	47	25	51	39	49	91	64	41	55	43	156	179	182	147	66	50	24
DGK1	2352	676	1575	842	329	550	1624	363	987	1113	268	807	653	586	517	214	238	124
DGR1	331	1087	1065	463	656	545	682	630	691	538	548	838	2083	1615	1500	780	1034	468
DGR2	158	14	26	260	321	266	95	6	34	217	240	571	1027	789	809	549	571	211
DIA1	2237	1892	4481	2006	1047	1531	3372	1390	2758	2348	956	2440	6342	5680	4917	2297	2411	887
DIA3	2	0	0	0	0	0	0	0	0	0	0	0	2	2	0	0	0	0
DIA4	0	0	0	0	0	1	0	0	0	0	0	0	14	17	8	2	2	0
DIC1	125	63	104	62	62	63	57	62	86	89	39	114	258	214	190	73	105	34
DID2	58	74	196	37	62	44	47	43	107	68	82	92	444	373	285	98	149	52
DID4	0	0	0	0	0	0	0	0	0	0	0	0	2	6	3	0	2	2
DIE2	0	0	1	0	0	0	0	0	0	0	0	0	0	0	0	0	0	0
DIF1	1320	2854	3748	896	2357	1901	1261	1908	1999	1114	2347	2571	1563	1417	956	1406	3037	1141
DIG2	204	181	370	289	39	67	200	83	98	286	59	135	464	450	426	140	133	55
DIN7	1583	1756	2984	1527	1655	1509	1155	725	1228	1437	1571	2440	6253	3880	4670	3844	3781	1929
DIP5	73	74	160	82	67	31	101	44	36	116	46	67	468	286	297	76	96	40
DIT1	141	98	75	109	30	11	147	27	28	130	32	45	249	212	221	52	83	36
DIT2	176	285	50	44	80	24	61	124	77	83	78	61	645	461	485	183	162	44
DJP1	3447	2560	5383	3023	2230	2721	2424	1715	2764	3242	2222	3821	3196	2254	2922	3990	3807	3073
DLD1	1589	1598	2169	1608	1997	1213	943	1147	1228	1320	1913	1967	2189	1461	2304	2646	2450	1347
DLD2	55	60	77	125	42	29	152	43	26	123	37	116	399	309	294	83	92	42
DLD3	1499	1050	2961	2551	1944	1334	1324	747	1380	2507	1788	2542	3201	2112	2847	2655	2353	1547
DLS1	17	27	51	79	23	37	84	34	24	86	28	123	164	96	120	49	23	14
DLT1	175	0	26	123	1	26	110	0	68	145	13	65	454	400	408	64	87	60
DMA1	512	1044	2106	650	1133	1113	530	1162	1119	621	1155	1584	741	408	468	757	960	719
DMA2	1631	701	1945	1641	751	896	1510	575	737	1619	803	1503	713	539	636	1448	1136	740
DMC1	694	518	563	261	226	292	676	333	314	322	321	498	2299	1658	1606	475	468	189
DML1	0	0	0	0	0	1	0	0	0	0	0	0	0	0	0	0	0	0
DMO1	2	0	3	1	1	80	1	0	13	1	0	216	199	257	160	26	56	24
DNF1	2554	2034	3369	1620	1248	1562	1845	1281	1723	1774	1400	2041	4153	2532	2984	2459	2403	949
DNF2	542	356	875	323	286	269	621	295	463	432	345	644	1574	969	1103	673	487	352
DNF3	235	118	77	207	144	54	288	58	49	255	139	105	424	307	331	126	100	55
DNL4	395	777	333	1211	712	529	231	360	128	1315	832	1164	2702	2033	2279	1028	1132	515
DOA1	233	125	112	187	160	93	162	59	178	215	207	145	886	654	707	455	511	254
DOG1	602	939	1302	426	760	386	583	689	484	532	656	554	1310	956	916	766	1246	490
DOG2	567	1567	2089	1047	1390	1469	914	1000	1041	1307	1775	1331	1151	898	918	1106	1251	518
DOM34	0	0	37	0	50	23	0	59	22	1	72	21	110	134	59	33	29	20
DOS2	55	241	330	158	319	166	63	260	470	207	230	238	713	478	535	156	156	82
DOT5	524	416	118	289	193	71	394	287	89	396	197	37	1181	735	753	322	233	140
DOT6	89	216	178	74	123	13	40	87	4	118	127	16	350	207	253	125	75	61
DPB11	0	0	0	0	0	0	0	0	0	0	0	1	0	0	0	0	0	0
DPB4	435	904	429	223	707	366	295	444	328	183	622	577	903	1082	764	663	1357	420
DPC29	311	201	460	269	259	236	277	287	227	328	243	292	779	439	504	430	508	184
DPH2	48	883	955	90	790	531	132	582	617	94	880	582	707	753	440	563	1423	379
DPH5	811	3126	916	503	1322	556	572	1072	786	537	1364	712	861	848	527	807	2052	565
DPH6	0	0	0	0	0	0	1	0	0	0	0	0	23	31	17	2	7	6
DPI34	80	184	428	169	96	135	94	155	88	210	146	92	800	586	532	214	211	69
DPI35	551	354	193	151	198	92	259	95	106	234	150	150	564	469	530	166	114	58
DPL1	2034	1695	1998	1204	1405	975	979	858	979	1182	1255	1640	2595	1441	1868	1284	1292	604
DPP1	0	0	0	0	0	1	0	0	0	0	0	0	0	0	0	0	0	0
DRN1	0	0	0	0	6	0	0	0	0	1	0	0	4	2	0	0	2	0
DSC3	4916	3583	6975	3009	3254	5023	3682	2974	4300	3667	4179	5335	3463	2411	2811	3487	4088	1857
DSD1	26	24	27	58	46	30	33	8	17	43	27	52	203	123	85	66	57	18
DSE1	929	1924	2617	775	1731	1266	1231	1690	1403	955	1824	1914	1472	1191	1043	867	1923	749
DSE2	1059	1759	2470	894	2086	1139	796	1460	981	972	2716	1444	2061	1498	1737	1525	1377	715
DSE3	75	132	130	49	195	87	22	143	56	53	252	145	324	237	240	102	87	40
DSE4	4148	1906	3063	3318	1811	1847	3010	1478	1869	3598	1880	2344	2593	1646	2073	2467	1856	1044
DSF2	14	48	1	32	54	0	9	6	0	62	28	0	301	222	187	52	65	39
DSK2	574	292	316	375	142	91	421	86	104	365	102	171	916	726	740	223	199	51
DSS4	16	179	45	34	98	81	63	38	252	50	84	165	396	293	324	95	84	33
DTD1	68	10	83	62	19	15	62	26	28	72	32	46	423	344	283	98	65	50
DTR1	510	825	1904	307	621	629	452	723	920	337	736	726	616	553	361	412	912	376
DUF1	5	4	0	0	4	0	2	6	0	2	2	2	20	8	4	6	4	0
DUG2	624	166	499	291	248	91	216	173	99	305	232	207	1128	900	847	300	262	104
DUR12	843	295	1200	457	157	269	502	105	352	466	167	455	2396	1858	1914	636	597	267
DUR3	4957	2978	9817	4783	3353	4097	3804	1738	4528	5170	3539	8542	2505	1663	2229	4269	3953	3578
DUS1	598	347	290	181	217	161	173	492	124	262	249	206	1201	967	799	319	459	139
DUS3	247	150	178	145	88	51	140	100	113	184	77	104	759	642	532	210	234	75
DUS4	560	206	468	395	310	182	358	251	244	453	503	386	607	355	515	425	428	264
DXO1	122	150	45	152	103	19	135	69	0	144	93	42	698	517	602	204	176	111
DYN1	666	1039	1416	598	940	969	730	835	1026	693	1089	1014	2050	1485	1421	1164	1626	594
DYN2	177	219	1167	217	105	260	221	195	267	250	122	312	1006	618	677	323	316	127
DYN3	55	227	2	74	111	2	13	280	2	97	130	8	331	297	178	39	104	28
EAF3	295	246	151	310	319	162	127	188	132	424	323	326	603	531	515	417	406	200
EAF6	8	0	7	1	3	1	0	0	2	1	2	7	0	2	1	2	4	2
EAF7	0	170	1	45	180	2	16	32	29	60	123	4	119	214	94	67	129	42
EAR1	233	492	51	349	307	103	606	178	345	423	325	196	1268	1027	987	323	355	138
EAT1	289	169	863	390	189	475	531	135	382	444	178	672	1287	791	984	451	299	204
ECI1	121	275	164	74	56	23	128	58	52	82	67	53	329	228	310	87	74	57
ECL1	439	287	604	235	262	117	269	227	223	360	209	257	1167	910	845	480	417	95
ECM1	136	842	1253	279	680	531	247	651	432	265	699	627	515	433	338	360	1021	373
ECM12	206	247	256	194	176	98	123	189	116	136	197	136	1293	864	930	237	301	101
ECM14	90	43	101	79	34	14	95	16	19	104	24	42	633	421	373	91	114	53
ECM16	0	0	1	1	0	0	0	0	0	0	0	0	0	0	0	1	0	0
ECM19	10	5	29	3	6	2	18	6	2	20	2	12	26	14	17	9	6	3
ECM2	108	22	148	81	49	21	45	12	14	108	29	2	258	269	198	60	50	30
ECM21	109	129	211	61	55	49	71	8	43	67	43	71	326	176	217	33	30	26
ECM22	171	52	133	228	76	47	162	99	33	243	75	108	566	440	442	171	154	75
ECM25	554	90	355	452	25	210	852	47	121	652	21	292	840	638	591	208	277	92
ECM27	1	1	0	0	0	0	0	0	0	0	0	1	0	2	0	0	0	0
ECM29	360	586	1125	332	382	515	451	299	511	436	396	735	849	534	669	646	504	318
ECM30	78	228	29	54	111	21	68	128	52	93	65	42	877	754	602	141	165	65
ECM31	979	211	475	537	242	239	682	271	432	535	233	352	1676	1391	1294	417	384	190
ECM32	1518	1668	3370	731	877	1299	1616	2353	1998	932	1086	1499	3164	2218	2329	860	829	359
ECM33	991	1261	1233	525	766	477	719	633	459	660	740	549	2068	1897	1739	1008	1373	487
ECM34	4142	3430	10971	3810	3011	4725	2647	1830	4108	3941	2853	8395	2753	2159	2794	4435	4411	3293
ECM38	198	465	610	111	248	197	191	852	333	151	318	302	580	548	442	232	386	125
ECM4	2001	1021	2706	2075	1342	1401	1831	718	1156	2195	1279	1698	2100	1209	1752	2088	1638	784
ECM5	256	323	519	204	67	107	252	117	161	204	61	203	939	735	760	241	258	103
ECM7	0	0	0	4	7	0	4	0	2	8	0	0	26	16	15	4	4	6
ECM9	0	0	0	0	0	1	0	0	0	0	0	0	0	0	0	0	0	0
ECT1	3034	4929	7844	3092	3709	3395	2238	2523	2864	3413	3659	5220	2373	1683	2277	3877	3269	2522
EDC1	48	65	0	46	51	13	90	77	11	86	48	21	508	474	511	103	105	69
EDC2	68	145	143	114	64	25	115	69	30	169	66	20	644	544	460	192	175	75
EDC3	2	0	2	2	0	0	0	0	0	0	0	0	8	4	8	2	2	2
EDS1	223	20	25	123	15	19	119	4	13	153	13	27	400	261	261	72	91	51
EEB1	11558	9797	22746	10451	7589	9406	8644	5849	9106	10607	7496	14976	5919	4017	5889	9692	8971	7159
EFG1	0	10	1	3	6	2	0	2	0	1	16	1	79	141	58	79	169	57
EFG1|YGR272C	0	0	0	0	0	0	0	0	0	0	0	0	2	5	2	0	0	0
EFM1	65	20	115	97	31	33	130	17	17	84	23	60	279	201	237	47	65	20
EFM2	425	27	180	294	73	24	180	87	25	306	47	68	631	488	502	127	168	79
EFM3	49	145	41	70	94	57	59	28	66	72	120	46	375	278	313	61	80	33
EFM5	0	0	1	0	0	0	0	0	0	0	0	0	0	0	0	0	0	0
EFM6	836	1796	2442	519	1468	996	608	1373	1304	625	1489	1208	711	703	534	670	1731	605
EFT1	284	48	23	43	85	15	42	24	16	23	64	29	235	206	172	61	77	31
EFT2	0	26	108	0	22	25	4	1	3	2	17	66	229	247	184	67	90	12
EGD2	4	22	51	269	390	99	6	7	5	210	303	243	801	692	532	509	490	114
EGH1	585	2453	2400	370	1746	893	390	1819	974	432	1962	1175	891	694	523	780	1755	746
EGO2	1798	4009	3949	1984	3910	2088	1413	2311	1726	1648	3808	2673	3952	4532	2608	2762	6237	1849
EGT2	676	82	426	278	157	182	422	125	205	317	168	177	818	606	647	144	131	86
EHD3	405	419	714	342	331	176	334	466	241	347	437	206	1968	1506	1524	491	486	179
EHT1	270	156	184	128	89	72	153	193	93	170	107	93	524	326	357	96	89	56
EIS1	4629	3936	5637	4197	4003	2670	4209	2666	2906	4492	3932	4842	1713	1339	1750	3836	3712	2414
ELF1	2	0	2	6	0	0	0	0	2	2	2	1	4	2	4	2	0	0
ELG1	433	382	32	360	213	174	126	251	107	373	253	168	921	702	649	504	583	197
ELM1	44	0	0	144	54	18	2	1	0	88	54	30	103	176	99	73	77	11
ELO1	174	507	544	133	442	204	180	535	305	106	488	412	259	240	123	245	425	244
ELO2	1	97	77	16	147	105	2	24	23	16	83	117	174	256	186	218	744	287
ELO3	0	19	0	2	12	2	6	0	1	1	0	0	118	107	68	32	17	9
ELP2	0	0	1	0	0	0	1	1	0	1	0	0	53	58	51	14	23	4
ELP3	0	0	0	1	2	0	0	0	2	0	1	1	51	62	12	6	14	2
ELP4	0	0	0	0	2	16	0	0	2	1	3	37	102	127	63	7	16	4
ELP6	1	0	0	0	5	2	14	0	0	17	2	5	104	201	86	35	75	17
EMA17	0	0	0	0	0	0	0	0	0	0	0	2	0	0	0	0	0	0
EMA19	157	6	75	129	37	39	130	14	25	193	36	108	695	535	536	134	177	64
EMA35	0	0	0	0	0	0	0	0	0	0	0	0	1	0	0	0	0	0
EMC1	45	0	36	44	0	40	17	0	25	33	0	50	261	155	161	59	52	20
EMC10	195	334	52	170	138	63	267	73	47	259	162	32	581	527	463	202	283	76
EMC2	28	8	59	21	8	6	46	3	24	18	3	16	82	46	49	23	14	15
EMC3	1036	2068	2478	979	1383	1023	1321	1250	1477	1088	1339	1440	1372	1051	890	1126	2234	759
EMC5	0	0	2	0	2	2	0	0	0	0	0	1	2	6	0	0	0	0
EMC6	1141	3126	2085	850	1622	1405	1087	1519	1613	1103	1624	1861	2234	1611	1499	1142	1870	714
EMG1	0	0	0	0	0	0	0	0	0	0	1	0	0	0	0	0	0	0
EMI1	0	37	4	1	35	29	2	52	2	3	52	18	539	851	419	98	121	64
EMI2	118	220	219	103	176	150	108	208	220	126	181	204	598	445	376	140	190	60
EMP47	212	154	339	315	146	115	366	139	240	397	141	145	934	755	662	265	203	109
EMP65	35	232	385	93	205	217	76	252	309	101	203	307	1124	987	832	209	284	133
EMP70	0	1	0	0	0	0	2	0	0	0	0	0	6	8	2	2	0	0
ENO1	996	525	360	613	448	283	598	548	370	673	446	384	1810	1608	1362	510	492	249
ENT1	365	710	1100	227	432	321	418	408	546	291	491	415	1623	845	1092	686	456	310
ENT2	89	10	265	116	95	144	152	14	191	149	78	248	530	334	371	208	121	75
ENT5	519	1833	1263	233	1049	704	477	1169	1046	277	1184	986	665	564	462	375	1262	392
ENV11	2338	2070	2026	999	1101	870	1649	1687	855	1196	1087	778	1189	919	940	1022	1127	413
ENV9	1208	466	1375	469	455	431	1318	577	605	630	398	421	778	963	663	365	721	148
EPO1	22	32	29	24	6	6	112	35	26	34	19	61	104	118	55	35	21	6
EPT1	2617	1818	5015	1869	1368	1918	1955	904	1714	2260	1354	2982	1245	868	1332	2429	2005	1611
ERC1	155	39	181	127	30	59	121	43	136	213	38	101	467	322	371	152	83	55
ERF2	1838	858	275	475	554	163	498	583	158	494	510	161	668	835	565	621	1008	250
ERG20	0	0	0	0	0	0	0	0	1	0	0	0	0	0	0	0	0	0
ERG24	0	0	0	0	0	0	0	0	0	1	0	3	0	0	0	0	0	0
ERG26	0	0	0	0	0	0	0	0	0	0	0	1	0	0	0	0	0	0
ERG5	120	58	94	75	67	25	12	34	3	113	83	23	648	323	487	127	161	49
ERG8	0	0	0	0	0	0	0	0	0	1	0	0	0	0	0	0	0	0
ERI1	0	0	0	0	0	0	0	0	0	0	0	0	38	72	21	14	59	14
ERO1	0	0	0	0	0	0	0	0	0	0	0	0	0	0	0	0	1	0
ERP1	452	600	811	394	483	579	469	437	532	447	642	837	955	955	599	678	992	287
ERP2	4	0	3	0	2	0	5	1	2	0	1	2	7	2	2	2	0	1
ERP3	317	130	259	235	110	151	502	117	141	301	81	336	816	712	700	185	224	106
ERP5	912	559	2003	649	448	374	1208	607	646	749	549	613	1535	957	1187	785	612	366
ERP6	0	1	0	0	0	0	0	0	0	0	0	0	0	0	0	0	0	0
ERS1	394	172	32	134	121	78	193	168	56	177	176	182	761	599	519	150	158	90
ERT1	452	646	666	582	399	275	700	305	267	570	482	353	1417	861	1205	780	602	245
ERV15	103	52	280	48	47	61	125	97	96	66	79	161	543	341	285	150	136	131
ERV2	82	18	296	72	1	70	157	13	121	65	2	124	569	484	454	131	104	77
ERV25	1339	371	350	254	303	125	159	320	158	373	222	216	1276	863	977	338	284	134
ERV29	11	14	14	2	12	2	6	22	6	8	11	12	133	96	60	16	20	15
ERV41	389	177	695	188	174	245	246	52	301	217	172	482	1244	1002	1047	361	345	168
ERV46	881	728	953	837	624	554	838	915	568	925	746	775	2707	1551	1879	1041	938	401
ESBP6	884	1630	2007	336	957	556	735	1185	786	429	988	768	1163	1347	816	677	1497	399
ESC1	102	178	1	38	48	14	56	75	37	59	36	4	489	422	322	69	99	66
ESC2	0	0	10	6	19	38	7	12	4	30	20	119	288	307	218	54	89	15
ESL2	278	144	114	96	120	34	112	60	24	109	86	57	554	357	410	134	133	54
EST3	53	73	188	290	265	213	43	46	140	166	255	432	470	485	514	956	1326	659
ETP1	405	1306	1983	359	746	681	404	787	728	416	680	909	473	466	367	470	1197	450
ETT1	2858	2330	5134	2134	1583	1579	2016	1315	1712	2127	1780	2901	1318	994	1157	2530	2318	2029
EUC1	74	51	204	87	84	51	89	45	57	99	132	122	338	272	270	86	76	48
EUG1	0	0	0	0	0	0	0	0	0	0	0	0	10	8	0	2	2	0
EXG1	827	1913	3283	533	1666	1492	766	1355	1605	601	1758	1819	1486	1206	1062	957	1958	829
EXG2	10450	11280	31472	10555	11726	12764	7928	9649	14811	9655	10826	23118	9032	5388	8247	9938	9919	6712
EXO5	0	0	0	0	0	0	0	0	0	0	0	0	10	17	2	2	8	0
EXP1	814	1179	1872	797	938	1026	586	823	994	831	990	1646	1008	760	917	817	1142	452
FAA1	335	400	474	155	223	134	227	240	105	219	322	294	583	529	409	207	423	142
FAA3	1041	673	701	2828	2203	857	908	375	574	2894	1781	1561	3702	2795	3065	2613	2787	1000
FAA4	100	33	74	81	21	33	78	43	13	53	17	68	192	146	145	110	60	40
FAP1	14820	14775	49901	10235	11843	23933	10988	11631	24259	11350	12755	42569	3243	2293	3553	7024	7742	7423
FAR1	73	29	37	994	506	193	19	26	9	972	374	541	1755	983	1161	698	572	291
FAR10	130	20	0	106	14	2	30	0	0	103	9	0	419	341	335	161	174	26
FAR11	293	362	359	509	300	210	339	202	161	445	288	382	879	619	695	368	346	147
FAR3	363	442	607	574	324	234	606	268	268	600	272	289	1253	1053	986	391	412	164
FAR7	174	57	74	174	115	29	185	50	25	267	169	66	538	528	358	146	151	72
FAT1	14	63	1	15	37	1	25	16	1	19	41	3	106	143	95	23	52	14
FAT3	127	69	42	30	38	20	28	11	45	56	64	0	762	623	505	143	156	53
FAU1	2209	1567	1579	1185	948	791	1462	1252	700	1335	1045	1183	7195	5663	5138	1364	1456	745
FBP1	36	132	297	79	54	37	206	10	1	134	47	9	281	317	211	74	71	50
FBP26	131	91	0	86	46	0	63	64	0	81	89	1	474	413	340	156	158	59
FCP1	0	0	0	0	0	0	0	0	1	0	0	0	0	0	0	0	0	0
FCY1	927	450	1487	593	290	858	1187	289	919	677	316	1339	1770	1128	1492	950	802	411
FCY2	46	301	109	18	181	100	2	102	177	18	101	71	164	200	115	132	365	89
FCY21	533	395	839	477	226	339	468	207	653	568	244	554	1839	1367	1605	527	503	279
FCY22	27	980	518	119	737	205	436	560	187	255	642	344	729	921	497	458	1112	276
FDO1	5405	6668	10100	5528	5213	4463	3868	2967	3849	5543	4853	8690	4034	3165	4266	7369	7134	4528
FEN2	0	0	23	8	9	14	0	0	4	8	12	53	280	170	148	76	39	29
FET3	153	62	251	121	131	71	78	37	93	182	171	119	1281	978	914	214	292	151
FET4	263	130	121	237	152	27	70	93	67	292	81	53	1535	1207	1032	167	290	113
FET5	240	456	918	108	514	782	232	504	494	222	953	935	664	579	623	337	819	374
FHN1	160	17	105	20	57	51	8	18	16	25	51	81	229	155	181	44	66	30
FIG4	240	247	477	265	150	172	489	160	297	392	171	307	1605	1334	1132	387	406	219
FIN1	0	0	0	0	0	0	0	0	4	0	0	0	2	0	3	2	0	0
FIR1	20	2	8	12	2	0	14	20	0	13	3	4	51	14	28	2	7	9
FIS1	7469	5646	11662	4942	4807	4896	3327	2988	4255	5344	4348	7855	3316	3120	3191	5909	6916	3819
FIT1	636	594	614	264	235	237	202	164	365	343	218	443	765	537	527	226	333	88
FIT2	106	146	16	127	114	13	92	105	12	171	144	15	754	641	583	134	173	86
FIT3	67	7	30	44	16	22	14	47	24	55	23	26	443	345	364	85	109	37
FKH1	2710	1002	2620	1902	1061	1288	1755	958	1330	1957	1038	1898	4283	3096	3476	1878	1550	767
FKH2	4264	5334	8156	4452	3982	3093	3895	2909	2767	4553	3865	5865	1169	971	1223	3636	3895	2421
FKS3	35	113	182	78	103	31	46	103	27	92	128	50	737	507	536	166	200	68
FLC1	208	208	15	151	165	49	182	64	117	158	121	57	1186	757	692	169	222	108
FLC2	2126	1713	2059	2896	2837	1454	1734	1078	907	3487	2632	2702	12359	9027	8511	5221	4575	2016
FLC3	1564	1493	1753	3041	2503	1804	1570	1137	1404	3467	2262	3394	9175	5550	6800	5088	4426	1973
FLO1	904	2785	4274	1165	2565	2163	1369	2033	2244	1227	2624	3297	1120	1295	829	1195	2737	1471
FLO10	17	104	5	9	101	20	5	63	1	3	97	27	419	393	294	116	110	56
FLO11	12961	10166	21869	10309	7464	8997	10304	5803	8167	12337	7223	13698	6546	4289	5676	9264	7836	5462
FLO8	0	0	0	0	0	0	0	0	0	0	0	1	0	0	0	0	0	0
FLR1	66	8	50	37	18	31	83	16	15	42	8	58	294	174	167	78	65	29
FLX1	0	0	0	0	0	0	1	0	0	0	0	0	9	2	2	0	1	0
FMC1	257	330	456	622	311	276	324	178	150	532	277	576	796	1139	527	804	887	448
FMP10	434	1145	956	534	609	532	694	575	652	708	670	850	4910	3819	3471	929	1011	489
FMP16	52	25	140	87	28	28	108	20	27	102	39	46	486	407	356	71	101	47
FMP23	74	86	42	84	100	2	78	115	18	100	75	9	333	309	284	101	81	46
FMP25	408	1076	596	440	739	423	723	764	492	517	933	477	1004	935	641	578	1001	404
FMP27	129	372	690	119	305	294	169	279	247	155	300	364	497	283	269	256	426	186
FMP30	204	862	616	554	1263	593	236	452	205	595	1232	953	2404	2732	1951	1007	1553	496
FMP32	790	337	1099	320	403	330	416	226	615	491	358	559	1644	978	1219	665	489	345
FMP33	762	1639	1382	401	1107	571	456	749	786	451	1042	586	594	612	431	599	1418	413
FMP40	202	2079	299	203	914	326	513	1213	264	256	986	402	735	863	468	469	1133	274
FMP41	6087	4267	6573	6197	3719	3525	5844	3026	3173	6587	4094	4939	5055	2795	4493	6016	4578	2274
FMP42	298	222	325	227	188	229	408	90	222	311	220	421	1132	912	880	293	323	128
FMP45	97	124	181	135	208	94	145	200	139	136	153	136	784	617	506	130	141	70
FMP46	2038	2130	3949	2276	2243	2896	2714	1680	2507	2975	3213	3275	3561	2379	2712	3112	2840	1372
FMP48	186	493	530	179	150	218	336	279	253	232	201	256	661	494	449	445	594	229
FMP49	416	185	574	222	124	120	409	134	255	226	164	218	851	618	596	254	202	119
FMP52	141	41	201	124	82	80	180	21	71	163	98	165	859	608	657	225	193	143
FMS1	314	310	346	357	256	199	401	110	171	406	242	296	1450	1066	1115	291	307	118
FOB1	404	60	9	187	118	9	75	26	0	171	98	6	591	475	531	105	146	49
FOL1	0	0	0	0	0	0	0	0	0	0	0	0	0	0	0	1	0	0
FOX2	244	498	98	164	335	96	45	125	38	243	385	135	860	922	682	321	538	132
FPK1	1255	1023	2426	2483	2190	2050	779	394	1025	2489	1953	3297	1945	1379	2053	3196	3334	2429
FPR2	19	182	1	65	112	9	63	129	35	77	35	14	536	377	357	131	106	52
FPR3	141	187	170	151	115	75	180	46	98	167	72	138	712	628	551	153	171	80
FPR4	1075	3419	4347	663	1560	814	1036	1982	648	783	1609	1114	2204	2196	1409	1276	2455	813
FPY1	36	28	150	43	21	37	49	12	28	52	32	51	313	267	216	87	79	32
FRD1	267	23	302	97	18	79	235	73	156	149	24	91	924	618	653	261	197	111
FRE2	570	2045	1779	569	1733	1030	462	1180	1234	667	1584	1431	879	987	620	872	2303	839
FRE3	360	111	223	203	227	109	181	124	127	210	216	161	1012	778	744	227	193	108
FRE4	225	63	62	68	31	38	80	55	40	66	40	77	570	457	340	109	151	57
FRE5	0	1	0	0	1	0	1	0	0	0	1	1	3	1	1	0	0	0
FRE6	365	461	470	452	401	304	793	380	478	569	446	339	1983	1499	1409	406	404	208
FRE7	4603	4822	6961	3456	2696	2859	4711	2124	3198	4181	2726	4631	10935	7362	8091	5427	4452	2072
FRK1	287	962	913	281	679	313	602	723	556	332	680	459	999	794	554	488	396	167
FRM2	605	612	205	262	451	175	320	252	167	378	582	253	1340	1041	1150	369	370	143
FRT1	74	3	12	68	19	52	99	2	120	82	10	36	402	265	246	89	87	35
FRT2	18309	18214	50106	15629	13673	22079	13438	10340	22954	16894	12725	38664	7836	5205	8040	16761	14472	11055
FSF1	4	312	125	21	109	72	74	112	56	29	141	159	631	585	529	132	173	72
FSH1	278	780	668	135	593	174	335	365	267	139	558	368	308	395	197	152	700	146
FSH2	432	174	280	261	123	109	330	152	150	305	186	233	971	844	769	221	276	86
FSH3	7	2	33	10	17	7	33	17	0	26	25	0	339	224	231	77	41	34
FTH1	5835	3331	5616	4264	3319	2756	3678	1945	2391	4569	3357	3666	3317	2160	3225	4173	3035	1510
FTR1	216	374	390	284	308	330	243	158	236	288	340	618	1957	2024	1304	877	1340	459
FUB1	1326	955	621	343	580	338	778	410	388	366	730	402	1333	1295	905	660	1056	334
FUM1	0	0	0	0	0	0	0	0	0	0	0	1	48	91	56	12	28	6
FUN14	460	615	1199	333	605	622	499	553	443	461	1105	609	1591	1298	913	664	1233	322
FUN19	734	1307	1427	608	895	727	722	945	863	649	905	948	831	690	571	632	1215	566
FUN26	1815	1147	2850	1973	1269	1319	1589	1045	1197	2057	1303	1916	2364	1487	2146	2620	1908	957
FUN30	3893	3379	6848	4868	3330	3376	3597	2099	2337	5433	3063	5645	4513	3386	4104	6081	5699	4488
FUR4	2080	2528	2799	2122	1724	2088	2270	1298	1461	2603	2034	2626	2402	1964	2137	3743	4371	2511
FUS1	8	0	6	31	0	4	11	0	10	27	0	13	61	44	33	10	4	8
FUS2	2	10	3	78	34	26	4	8	75	76	20	80	468	337	386	106	126	71
FYV1	0	0	0	0	1	0	0	0	0	0	0	1	117	126	70	9	28	2
FYV5	0	0	0	0	0	0	2	0	0	0	0	0	58	107	31	0	20	2
FYV8	6	8	119	31	33	47	75	22	110	30	21	73	196	170	141	39	43	12
FZF1	4116	2736	2068	3260	2173	1931	2629	1902	1424	3172	2077	2873	3113	1942	2607	2853	2043	1151
FZO1	0	0	0	0	0	1	0	0	0	1	0	0	3	8	0	0	0	0
GAC1	1056	831	1389	1202	787	968	974	549	707	1163	777	1113	1508	922	1285	1563	1166	641
GAD1	0	0	0	0	0	0	0	0	0	0	0	0	2	0	0	2	0	0
GAL1	19283	23799	39862	13054	18599	15177	15526	17936	18563	14900	18079	24233	21343	14267	17056	16070	21940	11080
GAL10	368	255	208	232	217	144	195	182	87	219	184	261	1107	680	759	232	258	87
GAL2	1578	1113	2398	1055	946	1053	1375	680	1498	1311	859	2001	3491	2687	2708	1570	1655	789
GAL3	82	197	34	126	126	23	183	179	35	198	147	40	698	540	513	103	131	68
GAL4	1679	2135	4291	1766	1698	1818	1528	1006	1776	1712	1520	2215	3267	2202	2328	2184	2611	1051
GAL7	462	411	640	252	133	184	311	206	296	266	185	363	1329	1107	979	266	340	129
GAL80	244	52	27	42	168	11	57	68	8	57	117	8	419	314	394	140	176	55
GAL83	144	433	540	94	148	219	242	251	120	115	260	248	793	689	587	130	125	60
GAP1	44223	41149	148423	30721	31696	63814	41270	37816	74262	33578	33177	104562	5261	3662	6863	12323	14947	18270
GAS2	309	149	309	102	225	87	232	89	67	138	244	174	682	512	501	184	183	93
GAS3	164	118	112	216	113	43	335	229	58	278	94	75	856	548	489	186	178	108
GAS4	185	0	134	160	23	14	111	2	0	118	23	6	270	224	246	76	83	27
GAS5	663	540	305	288	231	203	382	171	174	424	194	358	1765	1453	1268	571	642	326
GAT1	43	24	5	25	27	2	48	22	12	48	30	4	176	82	98	53	34	18
GAT2	336	268	339	711	271	166	115	64	57	705	260	668	2205	1661	1919	1053	773	408
GAT3	100	59	1	175	72	0	236	63	1	253	56	3	405	386	287	106	89	45
GAT4	542	490	319	526	637	503	361	244	200	506	605	961	1725	1060	1260	917	802	431
GCG1	444	169	378	405	255	246	376	168	274	556	268	244	2080	1447	1523	396	469	202
GCN20	1371	471	1454	674	216	379	1234	176	459	833	302	471	2112	1200	1487	705	577	311
GCN3	870	1630	1961	1880	1408	1153	1551	640	1143	1757	1438	1430	2206	1274	1973	2377	1572	901
GCN4	946	581	1598	768	941	602	783	1025	515	792	815	912	1041	720	807	843	1038	531
GCS1	5	1	0	78	2	2	2	0	0	72	3	1	160	205	157	50	57	13
GCV1	21	563	161	119	264	77	148	229	113	133	239	60	813	679	703	179	205	85
GCV2	113	229	568	120	104	112	245	148	140	117	89	164	212	137	155	128	175	62
GCV3	9	28	31	29	27	11	3	18	0	39	32	2	488	438	338	48	79	29
GDA1	1479	621	1225	266	331	390	431	497	416	351	328	482	1171	1077	1061	506	704	253
GDE1	138	55	23	130	123	68	106	79	17	151	91	80	686	470	553	154	179	81
GDH1	0	1	1	1	2	2	0	0	0	2	1	1	3	0	0	0	1	0
GDH2	660	1179	1514	846	1244	797	556	666	588	769	1261	1100	1541	1207	1316	907	1537	845
GDH3	4102	6125	5507	2015	3305	2305	2999	3868	2555	2737	3733	3071	10607	8799	7716	3628	5436	1829
GDI1	0	0	1	0	0	0	0	0	0	0	0	0	0	0	0	0	0	0
GEA1	2236	1407	2014	1406	1109	1189	2143	905	1404	1972	1150	1379	3619	1895	2636	1966	1450	816
GEF1	211	122	95	128	170	54	191	175	139	159	184	71	1298	1002	1084	340	374	141
GEM1	8	0	0	9	0	0	0	0	0	4	0	0	32	38	13	2	0	0
GEP3	0	0	0	0	0	0	0	0	0	0	0	0	60	73	20	3	11	0
GEP4	0	0	0	0	0	0	0	0	0	0	0	0	17	19	6	0	2	0
GET1	49	31	1	29	20	64	82	101	11	56	16	34	903	787	697	195	198	104
GET2	0	1	0	0	0	0	0	1	0	0	1	1	54	98	44	2	15	0
GEX2	352	175	437	350	147	261	418	138	180	413	190	406	790	823	792	348	346	143
GFD1	632	295	432	308	216	228	379	295	167	411	190	238	1554	1224	1202	352	453	175
GGA1	65	44	107	69	68	51	69	51	28	74	83	91	370	258	284	126	109	93
GGA2	232	164	188	448	294	311	143	81	166	470	334	570	634	719	754	786	964	456
GGC1	0	0	0	0	0	0	0	0	0	0	0	0	23	27	15	3	7	2
GIC1	181	114	398	189	198	55	216	161	117	150	146	223	101	88	81	149	199	152
GIC2	138	44	404	227	186	81	184	39	93	255	120	176	600	475	371	328	249	148
GID10	75	317	174	137	329	102	153	151	30	203	247	115	608	485	472	342	307	165
GID11	822	2481	3616	674	1659	1419	1005	1278	1424	758	1631	1746	1141	1051	842	912	2215	861
GID12	37	124	12	76	115	106	165	220	113	103	80	155	355	317	325	161	228	74
GID7	1	42	121	0	41	8	0	21	25	1	48	27	256	140	178	23	44	31
GID8	112	59	190	216	64	57	98	32	118	235	87	67	751	560	598	167	165	87
GIM3	53	160	78	110	167	48	27	92	12	103	85	117	651	679	432	368	644	169
GIM4	202	174	252	67	190	142	121	252	197	107	234	170	387	457	274	232	970	211
GIM5	0	22	0	3	27	4	3	0	0	3	30	7	193	272	154	44	74	25
GIP1	150	104	216	201	131	102	208	130	66	158	201	137	216	190	168	234	178	134
GIP2	616	206	201	209	232	59	271	317	116	322	274	146	1043	714	703	244	203	121
GIP3	150	56	141	35	61	51	31	42	87	66	78	90	373	270	308	68	74	44
GIP4	1085	796	619	526	475	471	764	403	585	695	538	640	1969	1170	1421	768	653	309
GIR2	20	4	90	22	27	12	23	23	16	18	16	34	110	109	100	41	23	15
GIS1	416	283	631	270	147	73	795	190	160	314	167	169	757	553	591	371	365	116
GIS2	212	319	34	123	244	41	43	151	25	151	287	62	977	653	722	347	298	116
GIS3	1	12	16	0	14	2	4	0	1	2	2	4	19	21	11	0	13	8
GIS4	6711	7256	13853	5325	4855	5857	5435	5302	7030	5640	5010	9265	3003	2267	3135	8044	6686	4269
GLC3	384	452	562	246	415	265	313	310	314	282	332	398	628	612	379	440	714	165
GLC8	34	222	20	57	53	18	12	33	123	32	31	9	540	492	453	108	92	38
GLG1	3268	1522	2950	1272	1066	942	1563	892	1187	1562	1095	1610	2205	1436	1458	1601	1805	848
GLG2	1162	745	589	854	445	523	798	410	391	929	491	658	1469	733	1111	970	704	441
GLK1	199	86	107	157	62	34	238	68	80	223	64	57	373	130	220	120	116	71
GLN3	0	2	2	5	12	1	13	0	1	12	17	1	127	125	76	35	39	26
GLO1	52	31	60	92	53	21	175	46	37	76	33	29	431	290	340	98	89	39
GLO2	20	9	23	18	32	8	28	10	11	27	23	19	26	28	24	28	19	13
GLO3	0	10	0	0	8	0	1	24	1	0	7	0	75	90	20	6	30	2
GLO4	67	33	848	102	80	343	180	68	321	161	59	534	1074	692	758	243	298	92
GLR1	85	130	360	123	139	125	145	186	129	113	107	172	113	93	124	108	194	87
GLT1	615	185	295	216	106	51	339	92	105	199	112	122	773	679	705	216	227	106
GMC1	928	1690	1317	473	1032	521	684	963	630	538	1091	610	886	874	668	723	1333	548
GMC2	139	182	785	44	44	40	114	44	15	77	61	29	700	647	512	122	204	79
GMH1	17853	14451	41293	13770	10704	20459	14840	9009	20312	15775	10652	34256	4930	3610	5619	11050	10065	8890
GNP1	88	153	320	171	290	340	18	13	25	238	263	510	1991	1643	1653	526	510	278
GNT1	803	1774	1931	855	1119	896	1194	1026	1115	806	1076	1059	2265	1358	1440	1564	1351	767
GOR1	706	575	782	714	412	584	937	551	640	803	410	790	2502	1547	1947	1124	816	422
GOS1	2	8	36	31	29	52	16	0	18	52	35	88	495	360	327	107	118	42
GOT1	95	62	59	130	76	28	155	51	30	165	70	10	478	370	398	136	163	42
GPA1	2432	1243	3088	10148	4218	3576	852	486	528	9775	3544	8562	1747	871	1152	6825	3928	2727
GPA2	241	243	322	265	253	122	259	218	103	275	198	270	495	269	295	286	239	152
GPB1	315	49	291	131	136	100	217	107	88	142	129	147	1042	665	654	230	173	150
GPB2	10796	6256	11811	10531	7321	6338	7139	4045	5551	10354	6950	11795	12061	7057	10218	11230	8251	4792
GPC1	93	73	23	41	25	6	82	30	8	75	27	3	209	135	107	29	42	22
GPD1	194	191	236	295	169	132	339	213	118	281	159	120	783	462	745	362	288	163
GPD2	12	118	49	30	45	26	61	111	15	29	62	74	317	184	240	59	58	44
GPG1	186	534	51	229	152	61	202	146	49	288	115	106	799	664	604	184	241	102
GPI11	0	0	0	0	1	0	0	0	0	0	0	0	0	0	0	0	0	0
GPI2	0	0	0	0	0	0	0	0	0	0	0	0	0	0	0	1	0	0
GPM2	936	2166	2913	385	1259	1195	1505	2040	1535	544	1260	1428	1727	1105	1415	665	665	286
GPM3	1155	2600	4341	1044	1963	1994	1154	2475	2754	1161	2067	2936	1424	1286	942	1510	3205	1208
GPP1	16225	13541	34009	10093	7308	12394	13140	8309	11818	11067	8345	15082	7568	5468	7952	13394	11884	8958
GPP2	0	0	0	0	0	0	0	0	0	0	0	0	0	2	2	0	5	2
GPR1	379	723	398	262	424	300	350	271	295	388	410	462	783	503	632	522	371	180
GPT2	4	0	2	0	0	0	2	2	0	0	0	0	2	8	6	0	0	2
GPX2	80	62	422	157	46	156	268	24	177	164	77	362	942	738	659	236	301	116
GRE1	0	0	2	0	0	0	0	0	0	0	0	0	0	0	0	0	0	0
GRE2	240	424	686	178	221	204	228	348	366	178	297	317	1709	1384	1324	365	396	192
GRE3	853	1301	1529	494	897	779	806	962	928	603	880	1014	1372	1196	807	852	1281	481
GRH1	124	54	24	90	72	41	51	27	32	68	101	37	319	271	220	56	73	25
GRR1	0	0	0	0	0	0	0	0	0	0	0	0	0	0	1	0	0	0
GRX1	221	2146	1217	394	797	763	417	833	841	427	863	834	1241	1276	780	572	1224	412
GRX2	1225	3195	2473	1402	1332	1323	1544	1482	1348	1684	1372	1276	2110	1393	1832	2009	1772	787
GRX3	8	33	8	71	107	17	6	23	35	54	109	35	971	791	774	247	295	116
GRX4	559	1064	702	532	578	572	520	570	438	661	663	751	3792	2768	2678	904	935	421
GRX5	0	0	0	0	0	0	0	0	0	0	0	0	3	2	0	2	2	0
GRX6	375	69	22	361	80	79	526	131	92	506	107	102	912	552	570	192	181	48
GRX7	244	267	189	213	199	64	530	112	74	319	212	118	960	672	665	215	295	100
GRX8	349	267	650	190	309	267	307	301	244	230	358	652	1737	1217	1188	386	369	167
GSC2	253	551	851	251	278	273	545	413	458	384	205	286	443	374	342	292	509	208
GSF2	217	486	312	188	226	171	428	278	265	281	222	126	532	608	343	220	509	112
GSH2	1	0	0	0	0	0	0	0	0	0	1	0	1	0	0	0	0	0
GSM1	288	218	165	197	91	55	135	70	62	245	125	111	1029	767	683	156	209	88
GSP2	250	138	359	142	164	102	286	74	92	192	135	123	478	401	455	130	318	112
GSY1	760	1141	647	262	482	327	438	551	506	292	491	482	763	873	433	408	1107	260
GSY2	117	261	224	65	194	52	148	179	130	120	160	188	508	384	410	149	103	91
GTA1	302	135	328	233	145	64	250	53	136	313	139	157	981	686	773	274	227	118
GTB1	914	1114	1407	949	1232	738	769	614	645	1094	1091	1061	1209	729	1059	1391	1055	606
GTF1	0	0	0	0	0	0	0	0	0	0	0	0	0	6	2	0	0	0
GTO1	253	199	122	237	185	58	472	144	178	313	173	128	1168	821	794	197	227	114
GTO3	715	109	659	404	152	230	362	147	171	342	137	623	1325	981	1055	400	421	204
GTR1	10	7	0	4	0	0	13	52	0	10	12	0	202	272	117	27	51	6
GTR2	0	0	0	0	0	0	0	0	0	0	0	0	0	6	0	0	0	0
GTS1	5395	3705	7222	4089	3349	3550	4850	2658	3293	5031	4064	4572	7784	5104	6663	5959	4624	2101
GTT1	85	40	53	32	48	27	39	31	32	57	52	47	380	219	249	56	71	38
GTT2	914	160	738	157	233	142	181	137	231	209	218	291	1179	985	829	257	220	84
GTT3	28	329	129	121	178	83	93	227	111	143	205	154	1138	766	861	378	346	167
GUD1	940	1240	2839	1115	897	783	1584	781	979	1550	1103	1361	3510	2143	2524	1909	1419	870
GUF1	2	19	0	8	6	8	0	7	2	24	34	28	126	95	79	16	41	15
GUP2	526	1427	860	550	1102	497	895	768	640	601	1086	584	1878	1439	1498	674	1293	472
GUT1	970	997	2112	1098	468	776	736	385	908	1048	597	1168	1036	785	1020	1031	1060	705
GUT2	11	9	33	332	331	104	11	15	11	278	317	216	572	446	561	392	315	185
GVP36	42319	28367	161135	29167	26523	57268	40774	31061	78417	32854	29897	129800	13717	9149	15679	18691	19480	23885
GYL1	1309	893	516	537	427	373	834	613	331	698	378	438	1775	944	1284	833	485	369
GYP5	1380	1108	1810	669	956	582	1344	550	999	851	1020	853	1395	1150	910	955	1245	463
GYP6	21	62	368	89	91	107	62	202	148	75	148	98	837	565	545	208	215	69
GYP8	10101	10357	23150	9458	7321	8621	6841	5194	7901	9980	6931	14217	4342	3151	4316	9980	8878	7088
GZF3	717	481	1677	1060	522	672	769	432	601	1008	628	1568	2000	1145	2255	2012	1373	1071
HAA1	92	108	50	1700	1977	515	36	44	14	1707	1764	1222	3385	2122	3090	2206	1972	885
HAC1	530	1459	1501	444	1052	679	502	1526	716	605	1168	964	773	794	605	581	1529	533
HAL5	1706	4616	7392	1251	2957	3848	2180	2957	4595	1524	3185	3657	1613	1129	1163	1534	2838	1559
HAL9	551	967	1238	993	939	801	714	773	784	1158	1031	1121	2584	2095	1787	1433	1659	791
HAM1	14	18	10	32	14	2	9	27	4	22	6	2	122	122	89	16	36	16
HAP2	0	0	0	0	0	0	0	0	0	1	0	0	0	0	0	0	0	0
HAP4	0	0	0	0	0	0	0	0	0	0	0	0	24	17	8	0	4	0
HAP5	0	0	0	0	0	0	0	0	0	0	0	0	0	1	0	0	0	0
HAT2	12	66	33	7	9	8	7	70	31	31	20	40	473	394	351	75	115	23
HBN1	4670	1579	3256	2151	1221	1513	2931	1127	1790	2408	1285	2408	5928	4458	4485	1762	1760	819
HBS1	315	1047	443	105	452	171	149	314	119	150	447	177	239	332	147	194	703	150
HBT1	229	35	217	240	123	50	116	30	20	264	118	255	366	166	251	243	208	197
HCM1	119	81	183	131	147	94	171	43	55	74	181	165	1012	805	681	247	245	102
HCR1	0	0	0	0	1	0	0	0	0	2	0	0	6	20	3	0	0	0
HCS1	1171	1561	1695	1893	1206	1334	1670	613	1007	2011	1153	1731	1892	1140	1750	2223	1628	829
HDA2	0	0	0	0	0	0	0	0	0	0	0	0	33	35	29	2	3	2
HEF3	158	155	127	143	121	46	167	109	98	219	110	150	957	662	680	189	244	97
HEH2	59	26	159	55	44	28	96	65	53	52	66	64	268	189	214	56	52	41
HEL2	14	6	23	1	4	3	5	5	12	15	9	11	18	15	14	11	23	6
HEM25	22	12	133	36	22	110	1	31	13	33	45	156	608	654	695	401	375	330
HFD1	195	729	202	206	281	68	425	314	97	222	293	70	928	679	606	235	210	84
HFL1	391	539	1610	397	279	507	481	306	784	511	385	653	1232	717	955	545	408	216
HFM1	67	94	34	89	85	65	120	178	18	98	96	81	477	373	397	80	85	65
HGH1	1	311	419	12	435	218	132	485	232	84	414	187	215	284	123	175	687	161
HHF1	66	0	2	248	2	17	143	1	38	247	0	5	114	111	106	41	100	22
HHF2	29	13	92	101	44	34	46	16	55	112	28	29	373	322	295	100	87	46
HHO1	844	2679	3932	498	1886	1847	463	1541	1983	556	1984	2488	885	832	597	914	2151	788
HHT1	141	305	1365	281	684	705	198	503	680	289	576	1001	383	327	330	482	865	381
HHT2	1165	2491	1942	1010	1722	1112	1150	1646	1103	1005	1811	1358	952	1111	749	935	2434	883
HHY1	0	0	0	6	12	4	35	0	0	8	21	0	93	92	82	25	40	10
HIM1	866	979	1956	950	1481	806	459	499	705	842	1262	1274	1974	1227	1792	1768	1410	1049
HIR2	0	0	0	0	0	0	0	0	0	0	0	0	0	0	1	0	0	0
HIR3	173	430	154	277	194	154	308	185	92	421	238	128	1464	1108	932	428	525	176
HIS1	196	264	324	91	244	72	141	93	86	128	237	57	799	741	713	234	264	123
HIS2	163	10	80	338	208	260	67	24	35	307	184	491	1064	747	807	552	483	165
HIS3	70	172	206	56	108	39	39	87	57	117	87	42	603	363	412	89	125	58
HIS6	198	379	316	172	308	112	268	288	94	160	343	189	537	425	363	267	417	223
HIT1	0	0	0	0	6	0	0	0	0	0	11	0	39	78	23	21	30	2
HLJ1	219	29	98	17	11	15	8	10	8	24	16	104	402	283	300	111	109	43
HLR1	124	46	221	1983	1458	526	119	22	19	1796	1086	1246	2707	2090	2336	1624	1440	571
HMF1	450	392	70	305	520	152	390	116	6	277	366	491	1076	902	956	541	699	311
HMG1	744	678	1073	619	489	393	965	356	386	728	560	636	1822	1135	1483	920	699	387
HMS1	0	0	0	0	0	0	0	0	0	0	0	0	2	2	0	0	0	0
HMT1	53	34	87	35	9	4	30	1	2	35	16	26	297	221	180	52	103	16
HMX1	0	55	0	0	62	13	0	89	6	0	48	22	73	89	61	25	48	10
HO	0	6	2	45	10	66	133	33	120	52	21	125	392	347	209	90	136	37
HOC1	0	0	0	0	0	0	0	0	0	0	0	0	1	0	0	0	0	0
HOG1	1268	1551	2863	807	802	1167	1168	904	1381	1169	1024	1624	1467	983	1157	1133	1273	519
HOM2	22	12	27	8	2	3	9	4	6	15	2	10	88	48	56	16	14	5
HOM6	69	63	66	23	4	27	151	6	54	46	19	65	378	305	242	113	111	62
HOP1	1334	3385	3868	1202	2870	1748	1595	2415	2144	1499	2816	2024	1656	1318	1024	1450	3622	1160
HOP2	0	0	0	0	0	0	0	0	0	0	0	1	0	0	0	0	0	0
HOR7	426	43	143	79	59	53	71	30	61	105	30	99	369	267	264	89	76	58
HOS1	1927	770	3004	1224	1057	1079	1255	915	1080	1289	1095	1698	1047	667	900	1204	1385	675
HOS2	71	55	873	68	66	80	75	264	209	109	93	188	276	216	261	155	223	71
HOS3	133	143	80	180	126	98	277	136	50	236	138	79	974	649	661	236	251	80
HOS4	781	593	483	382	418	129	734	711	189	362	533	192	1142	1086	972	535	716	226
HOT1	524	316	797	391	298	393	467	282	517	427	246	605	1116	1061	984	327	412	161
HOT13	64	107	333	146	95	115	94	21	198	158	151	115	872	696	609	231	202	109
HPA3	483	698	1669	691	444	541	627	489	341	768	454	731	1444	1075	1056	595	559	352
HPC2	2	0	2	2	2	6	4	4	2	2	2	5	27	30	36	6	6	6
HPF1	711	506	2090	703	221	521	799	304	551	926	295	684	1888	1015	1476	691	569	411
HPM1	119	298	388	274	403	378	137	80	143	435	304	632	863	1052	850	984	1309	690
HPR1	0	0	1	0	0	1	0	0	0	1	0	0	0	0	0	1	0	0
HPT1	156	345	46	84	183	78	127	187	129	127	205	156	592	488	363	198	376	99
HRB1	270	122	274	313	75	114	400	20	184	346	64	155	933	818	631	233	240	86
HRD3	123	1075	467	54	492	245	69	671	270	59	678	232	211	364	186	276	1230	180
HRK1	171	306	566	250	131	144	444	114	162	408	185	300	992	752	733	239	265	134
HRQ1	1524	3764	4321	1193	2379	1998	1074	2411	2572	1356	2479	2566	1683	1554	1089	1481	3356	1186
HRR25	0	0	0	0	0	0	0	0	0	0	0	1	0	0	0	0	1	0
HRT3	392	140	150	214	121	68	263	129	95	217	123	85	829	553	519	173	185	71
HSC82	49	394	187	141	184	79	166	183	190	167	169	134	829	650	680	272	212	100
HSE1	430	79	303	758	315	129	762	127	229	791	241	276	2461	1811	1859	470	587	286
HSL1	779	1060	514	458	353	290	1008	1150	430	508	633	384	366	276	326	397	887	320
HSM3	165	77	190	34	39	95	51	40	131	58	48	90	272	186	150	92	123	32
HSP104	1073	589	1347	4425	2757	1987	807	306	607	4747	2486	3512	5546	4533	5158	3695	3736	1607
HSP12	691	964	1679	746	1452	1032	491	778	914	706	1224	2019	198	149	213	651	967	639
HSP150	715	749	1423	1042	727	868	1009	659	734	1121	678	908	1154	580	890	1113	971	540
HSP26	0	4	0	2	9	2	0	41	0	1	11	1	140	136	115	35	50	24
HSP30	352	418	340	158	264	110	86	484	106	163	259	91	496	398	344	195	195	65
HSP31	1591	5480	3628	1204	2725	1863	1410	2711	2152	1418	2592	2570	1567	1324	1087	1313	3286	1184
HSP42	152	238	500	129	106	73	314	122	71	156	110	102	500	440	436	147	119	71
HSP78	543	676	1361	932	1079	1048	498	501	908	924	1042	1561	1962	1471	1632	1699	2221	1208
HSP82	121	120	79	350	106	59	256	102	95	326	131	53	1162	869	846	289	345	97
HST1	37	30	90	27	15	19	98	11	9	43	24	32	275	156	192	57	57	24
HST3	384	163	4	122	97	10	338	66	2	159	124	43	427	383	405	118	130	57
HST4	171	283	332	98	192	46	139	212	138	92	167	67	479	334	364	121	213	79
HSU1	441	106	502	186	112	176	136	121	130	251	148	217	856	766	700	251	232	99
HTB2	0	28	1	0	17	0	0	9	0	0	10	0	67	79	40	10	20	3
HTC1	516	1438	711	781	1071	494	660	840	601	808	1036	835	1195	799	1059	975	983	516
HTD2	0	0	0	0	1	0	0	0	0	0	0	0	31	57	15	8	4	0
HUA1	385	642	445	375	360	296	401	297	354	533	361	381	1365	1088	801	622	693	230
HUA2	1	60	2	13	84	4	10	98	22	26	83	14	271	194	205	63	65	28
HUB1	90	89	109	1778	1939	872	43	41	37	1665	1627	2155	2898	2089	2584	2062	1887	848
HUG1	106	216	748	276	895	220	266	193	191	370	725	505	1979	1384	1407	744	702	337
HUL4	0	0	0	0	2	0	0	0	0	0	0	0	0	0	0	0	0	0
HVG1	0	0	0	0	0	0	0	0	0	0	0	0	0	2	0	0	0	0
HXK2	160	213	123	100	182	70	106	62	83	115	158	128	2114	1530	1560	460	333	189
HXT1	159	386	711	151	359	247	195	55	181	177	340	277	533	477	480	360	507	233
HXT10	188	197	190	102	48	87	117	57	132	133	73	168	583	358	332	130	106	61
HXT12	247	242	344	185	90	77	199	61	122	229	99	129	717	443	405	122	172	41
HXT14	690	133	146	190	137	59	230	74	78	234	142	170	1058	756	765	225	247	118
HXT17	909	1688	1595	1423	1891	830	1096	898	877	1291	1633	1677	2215	1299	2621	2423	2288	1569
HXT2	207	57	83	107	52	33	198	191	82	100	98	89	568	427	433	171	173	52
HXT4	147	756	785	115	591	319	212	481	264	140	508	491	407	326	243	279	553	203
HXT5	13	2	10	10	2	8	34	28	18	13	7	31	93	69	80	13	27	10
HXT8	88	337	114	93	321	116	177	276	114	137	297	217	899	761	716	199	159	119
HYR1	8859	5224	6701	6875	5558	4367	6096	4627	3108	7447	5890	6558	3960	2813	3340	5029	4090	2426
IAH1	873	995	744	1148	958	628	1078	827	513	1193	851	722	1959	1496	1310	1235	1150	500
IBD2	981	4323	3096	1028	2902	1961	1400	2624	1849	1171	3084	1924	1636	1320	1095	1500	3085	1051
ICE2	2709	2138	699	3366	2306	770	3723	2449	778	3687	2667	1937	701	805	695	1173	1444	659
ICL1	45	0	23	17	0	24	21	1	31	13	0	76	160	95	98	52	49	19
ICP55	179	74	189	156	149	92	222	82	31	202	101	96	360	250	287	244	189	84
ICS2	70	25	60	431	279	141	78	26	70	396	258	339	677	399	490	401	232	138
ICS3	17	68	18	85	54	23	88	17	33	70	58	27	528	353	381	123	148	52
ICT1	133	0	99	52	10	66	117	14	97	88	8	114	346	235	285	95	49	43
ICY1	1251	540	940	410	415	357	585	486	408	645	411	502	2335	1512	1726	791	659	377
IDH1	0	0	2	4	0	0	6	0	0	5	0	1	34	63	30	2	20	8
IDP1	1212	1033	1140	953	763	560	827	1011	544	882	742	1057	990	570	867	932	723	414
IDP2	89	224	72	34	131	63	44	175	62	37	108	56	262	250	182	96	159	46
IDP3	642	308	424	228	230	149	323	190	194	250	266	226	1559	1036	1005	295	286	143
IDS2	1776	2356	3127	1275	1828	1904	1255	2215	1540	1507	2176	2177	2335	1600	1995	2024	2608	1344
IES1	7	9	2	6	2	26	14	2	10	14	22	18	107	70	79	24	21	21
IES3	0	0	0	44	0	0	0	0	0	24	0	1	54	87	40	18	22	8
IES4	1912	3252	4520	2136	2165	2184	1932	1666	2262	2129	2056	2834	1302	1161	1385	2707	3031	2053
IES5	0	61	1	20	65	6	4	39	22	33	53	31	183	199	140	29	70	36
IFH1	0	0	0	0	0	0	0	0	1	0	0	0	0	0	0	0	0	0
IGD1	3211	1561	2669	1713	1389	1086	2085	902	1082	1943	1269	1405	2414	1523	2121	2216	1891	934
IGO2	125	165	610	787	801	491	126	102	188	758	720	1047	1321	769	1117	681	561	308
IKI3	0	0	0	0	0	0	0	0	1	0	0	0	0	2	0	0	0	0
IKS1	73	161	89	57	61	48	80	83	77	65	87	60	302	229	222	155	151	60
ILM1	1	0	2	2	0	11	0	0	14	9	4	5	221	340	188	28	73	33
ILT1	289	138	100	84	98	27	75	155	76	81	91	74	547	517	435	115	96	73
ILV1	31	2	14	16	37	30	25	2	34	24	6	18	68	62	64	25	22	6
ILV6	433	137	41	175	102	23	387	108	53	216	99	66	757	651	610	209	243	95
IMA1	1033	706	1732	843	611	916	1077	455	1251	1013	566	1415	3225	1898	2339	1320	966	505
IMA5	8357	6375	15902	7616	6000	6275	5579	3847	5515	8081	5653	11038	4506	3411	4332	6871	6317	5180
IMD3	16652	16255	36171	15626	13100	17207	14076	9864	15479	16717	13229	25663	7834	5575	7853	15491	14295	11233
IMD4	155	345	296	111	105	126	124	138	167	134	139	184	721	556	569	141	163	105
IME1	124	209	40	162	105	36	110	188	41	164	158	106	1038	664	674	267	253	105
IME2	134	13	54	63	5	59	41	3	107	71	11	128	294	227	252	79	100	39
IMH1	294	242	10	135	102	46	485	200	18	170	114	69	732	477	576	127	138	81
IML2	534	161	106	234	135	20	192	116	23	283	156	89	736	587	623	217	206	68
IML3	206	221	158	173	135	132	329	91	158	238	165	113	762	503	605	183	202	91
IMO32	429	422	745	272	310	151	292	226	219	380	353	132	735	643	543	260	456	129
IMP1	0	0	0	0	0	0	0	0	0	0	0	0	17	9	4	2	0	0
INA1	40	12	68	18	17	6	4	22	19	17	13	35	146	82	101	36	37	20
INA17	514	494	828	268	277	329	279	445	207	349	304	493	1097	987	926	403	586	255
INA22	30	31	6	93	27	29	38	10	16	82	11	16	482	358	253	62	72	49
INM1	1	0	2	2	1	1	0	0	0	1	1	2	0	0	0	0	0	0
INM2	5	4	34	12	3	8	10	3	7	18	16	16	10	7	10	14	15	8
INO1	2045	845	1533	1499	922	991	1441	840	921	1678	1055	1342	2713	1784	1823	2075	1989	778
INO2	0	12	0	2	17	1	1	0	0	4	19	1	163	182	88	27	56	19
INO4	47	53	2	41	59	7	47	3	2	41	41	10	186	177	136	41	49	21
INP1	434	97	213	245	72	85	448	77	117	312	111	113	1363	1091	1011	359	293	141
INP2	0	109	240	1	140	55	0	63	50	0	73	61	475	387	385	102	92	36
INP51	1144	740	930	1765	1775	831	989	581	625	1959	1817	1731	5200	3784	4176	2057	1936	904
INP52	1544	577	1621	861	638	527	827	699	572	895	772	561	406	241	314	496	877	601
INP54	838	904	2067	532	544	578	760	473	606	528	573	648	900	666	594	598	749	356
IOC2	700	258	411	630	238	236	729	158	410	618	264	342	1915	1348	1479	609	457	328
IOC3	1428	1911	3012	1523	1965	1454	1230	2118	1313	1317	2428	2057	1532	1291	1236	1687	2837	1207
IOC4	123	72	94	43	87	36	112	87	42	116	51	78	291	271	168	53	38	31
IPI3	0	0	0	0	0	0	0	0	0	0	0	2	0	0	0	0	0	0
IPK1	244	0	4	64	9	14	55	2	0	50	1	2	272	382	195	56	118	51
IPT1	327	394	258	370	254	98	735	293	127	421	219	157	837	670	629	362	376	143
IRA2	0	0	0	0	0	0	0	0	0	0	1	0	0	0	0	0	0	0
IRC11	51	35	15	59	11	23	16	8	34	68	26	64	320	171	146	72	69	27
IRC13	1	0	12	4	15	6	0	18	2	2	6	23	159	139	60	41	41	12
IRC16	0	0	0	0	0	0	0	0	0	0	0	2	0	0	0	0	0	0
IRC18	461	195	226	226	144	83	390	140	162	306	153	160	844	529	563	271	240	95
IRC19	0	1	0	2	0	0	0	0	0	0	0	0	64	78	23	0	24	0
IRC2	363	616	209	248	121	100	238	238	188	247	136	103	950	685	777	252	247	124
IRC20	463	148	57	216	151	44	277	166	16	301	180	58	852	594	675	220	242	115
IRC21	79	38	60	67	53	31	54	10	43	74	54	34	557	377	344	166	157	56
IRC22	144	438	185	103	300	131	121	323	192	157	297	181	1001	704	765	238	246	110
IRC23	40	11	58	37	14	10	55	6	10	33	22	16	182	150	110	40	42	29
IRC24	820	253	390	439	176	90	427	144	183	375	145	203	1012	862	710	197	249	126
IRC8	0	52	32	2	57	45	0	50	42	5	42	40	348	201	219	60	69	23
IRC9	1820	973	1743	1511	1075	828	917	573	779	1522	899	1410	1619	1012	1642	1690	1465	884
IRE1	440	674	1274	66	281	702	185	278	1044	149	272	988	1163	746	964	532	444	276
IRS4	65	115	1242	286	325	502	188	140	558	264	360	621	630	368	449	291	364	141
ISA2	0	0	0	0	2	0	0	0	0	3	0	0	32	46	19	6	3	0
ISC1	16	6	0	43	2	4	34	71	36	24	14	9	181	115	161	62	51	34
ISC10	764	398	948	668	413	279	589	317	266	854	335	422	2821	1990	1991	629	610	239
ISF1	447	255	126	60	135	168	342	60	135	110	152	154	716	517	418	186	170	113
ISN1	74	40	66	92	53	13	67	58	32	67	34	17	347	220	226	59	65	39
IST1	2606	3106	2798	2377	1912	1262	2422	1719	1498	2766	2045	2113	5124	3457	4234	3492	2806	1552
IST3	10	0	0	6	0	1	18	1	0	4	1	3	114	131	73	23	22	6
ISU1	515	193	1397	381	177	419	487	207	526	364	175	506	1143	700	799	452	284	149
ISW1	133	4	1	79	1	2	40	2	0	93	19	1	326	347	295	89	121	56
ISW2	142	22	7	200	16	10	102	50	3	211	30	23	660	588	618	129	151	73
ISY1	38	102	202	71	63	88	138	73	85	91	60	126	613	446	488	90	130	73
ITC1	2150	3101	4950	2210	4744	2387	1264	2106	2555	2164	4227	3932	3096	2251	2238	2470	3698	1348
ITR1	100	106	298	70	90	74	86	90	112	71	59	75	377	268	333	94	135	68
ITR2	24310	21092	40906	19947	15252	17520	17353	10856	16555	19994	14388	27630	11490	8652	12536	21543	18478	13998
ITT1	1092	2432	2711	645	1763	1304	671	1497	1170	739	1708	1682	1493	1119	1021	1353	2251	755
IVY1	1206	355	708	666	535	467	478	411	605	736	614	680	1357	868	1076	860	570	342
IXR1	0	2	0	0	20	10	0	8	1	1	6	56	174	191	108	37	50	8
IZH1	61	314	58	46	67	64	41	65	26	33	24	66	645	477	449	140	162	67
IZH3	82	89	173	303	221	31	105	85	37	343	211	114	487	449	400	154	186	71
IZH4	3090	1535	2930	1969	1615	1463	2165	1248	1760	2122	1549	2194	3744	2303	2942	2659	1852	1325
JEM1	291	229	323	127	119	35	63	196	9	144	135	25	528	399	385	144	131	60
JEN1	12969	14302	28559	12867	11106	14582	10004	6065	10319	14047	9983	26319	8620	6094	8912	13970	13853	10376
JHD1	0	2	2	2	0	0	6	2	6	2	10	0	2	4	0	0	4	0
JHD2	545	407	622	588	85	406	816	147	550	703	98	512	2926	2334	2205	791	692	269
JID1	21	2	10	81	12	14	111	19	93	72	6	42	330	270	217	43	50	43
JIP3	1726	1269	2160	1439	1304	1091	1120	923	1046	1488	1225	1413	1341	838	1156	1534	1395	909
JIP4	318	243	570	341	184	363	712	572	359	365	319	276	759	544	591	196	307	155
JJJ2	505	1056	1674	539	964	581	597	1117	683	491	927	834	594	467	488	588	1101	531
JJJ3	280	38	187	126	64	80	163	21	58	172	61	151	551	442	364	144	153	34
JLP1	0	0	0	0	0	0	1	0	0	0	0	0	0	0	0	0	0	0
JLP2	168	199	189	46	278	71	116	109	72	61	262	84	511	337	430	131	143	65
JNM1	19	4	2	4	0	1	14	1	1	12	11	1	110	125	89	16	29	18
JSN1	280	753	1033	184	325	228	426	465	492	288	304	262	939	882	722	374	513	199
KAE1	0	0	0	0	0	0	0	0	0	0	0	1	0	0	0	0	0	0
KAP120	20	4	15	28	26	38	68	10	11	54	21	29	414	343	364	94	97	41
KAP95	0	0	0	0	0	0	0	0	0	0	0	0	1	0	0	0	0	0
KAR4	0	0	1	2	0	0	0	0	0	0	0	1	0	0	0	0	0	0
KAR5	1133	516	1068	361	443	352	567	405	637	372	381	615	1716	1103	1241	771	539	331
KAR9	73	22	143	92	66	39	88	57	190	112	55	78	832	582	559	159	167	68
KCC4	46	35	64	6	21	29	70	15	37	17	34	44	275	195	215	71	66	50
KCH1	322	173	530	230	131	271	247	57	283	342	105	271	836	677	624	295	299	148
KCS1	27	0	2	33	5	14	34	0	0	26	0	26	127	181	116	79	133	31
KDX1	50	136	146	99	75	51	136	75	225	82	68	128	463	299	357	113	113	74
KEG1	0	0	1	0	0	0	0	1	0	0	0	1	0	0	0	1	0	0
KEL1	432	143	1101	162	114	113	169	137	192	230	67	240	699	361	509	324	248	142
KEL2	28810	48052	150637	25312	33218	64943	35171	40662	71288	28651	34495	108526	4403	3308	5932	13134	16229	15636
KEL3	131	281	265	446	418	214	217	85	88	445	386	509	1750	1179	1435	736	673	326
KES1	695	726	1410	734	856	891	701	439	969	846	651	1188	1413	1009	951	1018	1090	548
KGD1	26	20	57	717	499	346	7	2	4	608	431	943	608	366	431	604	600	360
KGD2	2	0	0	44	0	0	2	2	0	40	0	0	78	116	87	10	24	6
KHA1	0	0	0	14	14	4	6	0	0	20	23	31	465	378	354	117	124	56
KIN1	151	402	451	272	223	158	167	316	312	291	176	254	1238	965	868	231	384	135
KIN2	271	248	270	384	114	17	231	84	34	391	144	28	931	698	690	210	199	88
KIN3	0	0	0	0	0	0	0	0	0	1	0	0	0	0	0	0	0	0
KIN4	97	103	165	113	130	55	121	197	20	130	114	98	319	228	223	59	82	20
KIP2	191	142	479	222	179	171	284	211	103	309	127	263	805	636	647	228	265	95
KIP3	167	35	54	96	31	49	131	17	79	111	34	120	274	225	219	81	71	38
KKQ8	230	220	331	156	180	78	287	116	121	168	153	205	563	354	310	240	191	73
KNH1	0	0	0	0	0	0	0	0	0	0	0	0	8	2	0	0	0	0
KNS1	92	1461	121	291	814	352	177	1020	486	239	805	351	519	714	280	412	1536	323
KRE1	0	6	0	0	14	4	0	0	2	2	5	0	212	163	142	43	49	31
KRE2	1480	658	1338	793	627	425	1093	658	637	1017	639	544	3829	2805	2864	1114	1012	527
KRI1	0	0	1	0	0	0	0	0	0	0	0	1	0	0	0	0	0	0
KSP1	21	32	2	31	22	18	38	13	7	28	40	8	69	100	49	47	107	24
KSS1	450	341	563	295	659	396	241	334	509	268	475	632	429	351	280	418	977	345
KTD1	962	18	136	289	54	89	366	17	134	381	37	149	859	751	614	184	182	83
KTI11	1	1	1	2	4	1	1	0	0	6	0	2	139	248	108	20	63	14
KTI12	0	0	0	6	10	8	24	38	6	17	3	9	125	124	50	22	36	16
KTR1	102	98	105	42	123	198	33	127	43	81	320	71	181	135	124	92	146	40
KTR2	1894	1749	2360	1386	1273	777	1299	1334	701	1314	1307	1662	2734	1810	2034	1884	1822	933
KTR3	1165	659	241	333	234	87	327	148	181	287	311	155	796	591	590	225	285	68
KTR4	2565	2493	4004	1091	1021	1103	2033	794	1186	1343	1140	1563	2936	1635	2201	1542	1114	596
KTR5	20	75	79	49	105	20	68	48	7	89	58	15	501	342	415	118	126	50
KTR7	483	267	477	329	263	295	386	446	412	345	261	285	1746	1464	1446	451	399	168
LAA1	498	367	507	321	192	207	764	148	212	479	284	280	2529	2211	2601	648	810	322
LAC1	564	636	1034	490	580	491	425	395	486	537	578	721	943	642	623	554	485	276
LAF1	1252	635	477	452	427	191	349	598	262	435	412	286	1753	1351	1535	533	510	286
LAG1	1756	3715	3263	1122	2952	1835	1315	2320	1983	1293	2818	2095	1412	1187	918	1741	3492	1222
LAG2	2169	5897	6307	1810	4963	3185	2113	4139	3742	1867	4784	4650	1931	2013	1418	2201	5364	1926
LAM1	72	117	413	5	171	21	1	378	35	3	274	48	222	127	213	131	128	101
LAM4	1114	1516	2936	812	1264	926	797	905	1335	911	1298	1867	777	545	522	801	1019	602
LAM5	54	40	74	41	54	10	90	23	24	51	49	12	303	229	192	72	78	27
LAM6	436	154	291	210	257	178	368	170	125	247	188	176	1025	739	847	414	351	161
LAP2	246	390	707	559	556	385	365	596	410	527	551	559	1020	675	860	964	814	538
LAS21	17	49	31	12	23	0	19	50	6	24	18	2	77	72	35	26	74	20
LAT1	61	102	16	33	92	60	0	26	77	23	100	75	295	225	202	69	101	62
LCB3	3234	3505	5837	3663	3421	3288	2509	1758	2430	3741	2871	5930	4245	2589	3907	5836	5077	4076
LCB4	376	987	1223	739	1117	726	433	635	653	619	894	1111	405	352	284	418	622	407
LCB5	0	4	0	0	0	0	0	0	0	1	3	0	4	12	0	0	0	0
LCL2	1262	1418	1719	1303	1532	657	1308	1187	665	1341	1687	1594	1767	1160	1394	1773	1883	1391
LCP5	0	0	0	0	0	0	0	0	0	0	0	1	0	0	0	0	0	0
LDB16	701	88	167	141	128	118	324	41	165	229	107	128	424	375	391	172	156	71
LDB18	2	0	0	115	1	0	13	2	0	108	0	1	196	221	161	27	44	13
LDH1	312	399	103	169	275	139	164	296	94	181	328	213	1152	897	837	290	255	113
LDO16	718	278	642	188	147	164	412	152	260	257	128	282	616	446	452	207	199	79
LDO45	120	57	148	174	40	72	64	12	56	124	30	124	399	273	238	62	92	39
LDS1	539	672	925	1009	728	442	704	527	379	899	807	504	1158	673	939	1241	768	439
LDS2	29	2	51	19	15	13	15	7	14	28	10	14	178	133	115	18	27	10
LEA1	0	0	1	0	0	0	0	0	0	0	0	0	0	0	0	0	0	0
LEC1	243	221	293	266	308	419	127	129	107	510	495	439	740	642	592	367	655	359
LEU3	0	72	210	14	45	108	33	1	101	24	53	175	748	569	546	149	177	110
LEU4	10172	10717	27333	8700	10823	10312	8023	12239	13364	7602	10530	19792	5537	3211	4657	5953	6408	4937
LEU9	0	0	0	0	0	0	0	0	0	2	0	0	0	0	0	0	0	0
LHP1	40	23	186	82	96	53	25	48	73	90	72	65	761	498	525	160	159	55
LIA1	119	18	182	84	12	44	115	27	55	102	60	64	651	544	515	205	173	101
LIH1	3900	1669	2697	1540	1013	1207	3278	851	1210	2228	1113	1585	4995	2957	4042	2328	1737	1068
LIN1	771	1100	1704	508	1099	674	592	716	684	561	1181	1055	1459	993	925	1058	1284	546
LIP2	1	4	2	0	26	0	0	1	0	0	29	2	371	312	261	87	58	38
LMO1	3196	8786	5032	1654	4978	2164	2917	6800	2889	2229	5743	2553	628	634	404	1904	6100	1545
LOC1	0	0	0	0	0	0	0	0	0	0	0	0	0	29	2	0	8	0
LOG1	1	170	217	20	123	80	11	94	36	32	89	88	398	319	272	95	86	47
LOH1	116	73	195	183	62	98	70	31	114	164	59	174	441	362	358	171	164	88
LOS1	856	744	2017	473	460	853	1149	712	733	617	506	988	2381	1795	1811	1163	1012	449
LOT5	43	55	17	291	342	182	191	35	33	383	351	435	1421	868	994	346	374	169
LOT6	566	229	439	567	237	249	665	160	269	646	185	445	1758	1173	1185	413	364	218
LPD1	6	44	38	41	28	21	15	46	9	51	26	51	168	196	104	56	24	10
LPL1	72	103	192	88	126	64	93	221	103	95	170	126	713	513	480	172	130	67
LPP1	171	80	224	77	53	98	64	32	99	77	31	162	390	320	339	125	124	57
LPX1	259	2	37	112	17	19	191	0	13	137	5	41	388	317	327	80	95	22
LPX2	241	351	878	285	174	213	186	446	275	245	212	429	786	742	555	305	491	218
LRE1	2	4	5	3	3	3	8	3	3	4	3	8	9	1	5	2	3	2
LRG1	116	117	32	143	255	30	48	85	25	126	295	75	279	348	193	158	290	119
LRO1	61	6	38	92	21	15	116	52	25	127	46	16	385	381	305	99	112	31
LRS4	0	0	2	0	9	1	0	0	0	0	22	0	64	88	48	18	46	6
LSB1	92	159	50	43	105	27	68	84	92	93	33	53	332	240	204	50	82	32
LSB3	153	103	107	125	91	103	251	133	149	218	43	103	1315	992	945	234	285	149
LSB6	6	177	651	70	131	84	22	45	152	22	120	151	434	331	345	112	136	59
LSC1	56	10	75	61	25	27	95	8	52	65	14	34	185	165	163	43	43	19
LSM1	1	0	2	0	0	0	0	1	1	0	0	1	33	34	20	19	34	13
LSM12	766	2726	2491	634	2373	1264	607	1926	1372	628	2331	1831	780	705	537	797	1991	677
LSM3	0	0	1	0	0	0	0	0	0	0	0	0	0	0	0	0	0	0
LSM5	0	1	0	0	0	0	0	0	0	0	0	0	0	0	0	0	0	0
LSM7	2670	2164	2552	651	930	1174	2186	1680	1238	1027	1095	1319	667	628	567	2064	2702	1165
LSO1	2614	2869	8490	46322	36081	34823	1272	792	1722	40751	29681	91539	20390	11316	21955	30158	26885	26695
LSO2	42	89	184	124	157	35	74	69	115	113	137	200	342	342	181	169	367	242
LSP1	2661	1825	2393	2995	2604	1709	2221	1621	1855	2775	2490	2814	3245	1775	2503	3053	2336	1283
LST7	0	1	1	0	1	0	0	0	0	0	0	1	0	2	1	0	0	0
LTP1	431	886	1166	504	1017	624	351	848	679	557	895	898	473	364	512	615	815	380
LTV1	0	0	0	0	0	0	0	0	0	0	0	0	0	4	8	0	2	0
LYP1	458	408	620	467	198	392	712	244	355	528	249	553	2159	1329	1540	708	644	366
LYS1	1568	1010	1103	1264	935	652	1069	622	639	1381	946	922	1783	1144	1419	1387	988	555
LYS14	1	1	1	0	0	0	3	1	0	2	0	1	1	1	1	0	0	0
LYS2	288	573	85	222	201	124	217	237	66	236	179	165	895	678	696	244	208	84
LYS20	0	0	0	0	1	0	0	0	0	0	1	0	54	63	27	27	8	2
LYS21	661	1159	643	353	427	288	390	401	402	315	377	334	1709	1309	1312	464	467	199
LYS4	138	76	58	43	68	28	93	64	48	83	50	43	407	320	299	116	85	45
LYS5	781	788	729	714	580	440	1148	611	432	902	548	394	2763	2029	2199	731	701	275
LYS9	0	0	0	0	0	0	0	0	0	0	0	4	0	0	0	0	0	0
MAC1	0	0	1	0	0	0	1	0	1	0	0	0	148	222	74	9	46	4
MAD2	26	12	81	18	37	106	82	19	40	32	21	65	322	222	219	54	78	30
MAD3	586	2142	2451	704	1386	1209	621	1492	1160	811	1563	1267	1987	1548	1338	1048	1864	734
MAE1	679	862	239	289	321	127	389	527	206	376	352	150	1505	1056	1171	420	401	123
MAF1	0	0	0	0	0	1	0	0	0	0	0	0	22	24	2	2	2	0
MAG1	1236	1632	2815	758	896	1027	1028	908	1533	1005	961	1662	2457	1639	1907	1413	1121	566
MAG2	86	49	114	99	41	66	46	58	100	110	53	83	449	407	369	106	118	40
MAK10	3	123	3	6	231	21	17	323	6	26	232	15	1285	1112	786	202	346	95
MAK3	2	52	17	0	24	43	0	26	22	1	52	130	174	154	134	25	32	26
MAK32	2101	1438	2478	1911	1396	1284	1807	911	1219	1950	1249	1423	2035	1109	1688	2009	1460	585
MAL12	744	890	1376	524	605	586	812	407	879	715	650	781	4135	3299	3177	977	946	442
MAL13	2832	1980	3118	1489	1033	1253	2462	1184	1330	1890	1209	1506	4298	2728	3372	1835	1314	771
MAL31	0	0	0	0	0	0	0	0	0	0	2	0	0	0	0	0	4	0
MAL32	766	110	548	395	95	258	462	113	236	433	133	321	1783	1259	1356	402	438	211
MAL33	226	105	560	206	138	135	175	124	187	220	132	183	364	308	224	303	359	172
MAM1	2799	764	1435	1176	811	784	1235	650	631	1514	935	1088	3253	1846	2507	1486	1101	570
MBA1	0	0	32	0	0	6	0	0	0	0	0	23	73	90	73	17	26	8
MBF1	166	311	67	173	229	76	127	238	155	211	203	99	1007	870	790	220	273	104
MBP1	293	71	20	91	103	8	198	47	2	184	126	32	901	804	694	201	204	85
MBR1	137	0	87	113	34	89	123	10	58	98	38	73	363	276	238	187	220	76
MCA1	74	103	0	33	65	0	93	36	0	52	47	5	192	170	194	42	54	30
MCH1	0	0	0	6	2	0	0	0	0	0	0	0	9	3	6	0	0	0
MCH2	19165	16312	45658	18134	12084	17645	16892	8544	13805	19740	11804	35456	10368	7940	10978	15884	14884	12837
MCH4	206	444	188	209	254	206	323	68	212	230	247	290	818	765	618	392	624	201
MCH5	0	0	24	0	4	22	0	0	31	0	0	29	81	128	42	15	114	26
MCK1	944	1106	1770	770	985	723	809	945	831	1020	1175	1468	4976	4877	3752	3327	4182	1394
MCM4	0	0	0	0	0	0	0	0	0	0	0	0	1	0	0	0	0	0
MCO10	1484	1125	1605	3122	2645	1543	1559	696	1146	3197	2270	2550	3937	2601	3320	2777	2639	1141
MCO12	2090	2022	4228	1790	1633	2003	1404	1626	1923	1879	1707	2663	3046	1905	2806	2355	2196	1302
MCO32	196	51	127	65	59	39	129	14	52	74	41	33	606	448	405	109	119	43
MCO6	0	0	0	0	0	0	2	0	0	1	0	0	0	0	0	0	0	0
MCT1	0	0	0	10	0	0	14	1	0	16	0	0	59	80	37	1	32	6
MCX1	235	342	340	190	203	191	324	317	302	218	259	254	910	802	711	357	703	246
MCY1	540	1088	469	775	1062	399	544	477	424	746	995	669	1490	1105	1358	1355	1121	481
MDE1	1289	1991	3623	901	1554	1262	812	1635	1334	1184	1626	1821	1661	1473	1183	1182	2402	867
MDG1	3353	7348	9566	2636	5677	4149	2314	4692	3848	2722	5556	5420	3464	3253	2722	3299	6066	1965
MDH1	68	23	235	10	55	74	47	18	79	17	41	156	368	259	247	39	48	29
MDH2	1	359	176	0	158	71	2	132	45	1	167	60	305	303	175	114	92	36
MDH3	959	674	1499	581	477	456	834	651	663	674	438	642	1126	800	1025	525	517	276
MDJ1	0	0	0	0	0	0	0	0	0	0	0	0	2	20	4	3	6	2
MDJ2|PEX6	0	0	0	0	0	0	0	0	0	0	0	0	0	0	0	1	0	0
MDL1	503	397	433	212	337	190	417	283	162	256	266	232	507	428	283	296	524	173
MDM1	608	302	1036	293	222	209	567	165	279	284	202	355	1767	1226	1326	367	441	183
MDM12	0	0	0	0	0	0	0	0	0	2	0	0	0	0	0	0	0	0
MDM34	0	0	16	0	1	30	0	0	0	6	0	741	12	36	20	4	22	0
MDM35	0	0	0	0	1	4	0	0	0	0	0	9	10	8	4	0	0	0
MDM36	274	220	843	210	238	265	368	275	200	285	292	388	678	416	426	379	341	220
MDM38	17	85	122	17	53	20	37	88	16	29	34	23	85	155	88	12	32	6
MDR1	801	1044	1371	554	893	532	503	778	429	510	792	800	817	581	775	955	917	496
MDS3	474	52	967	203	69	233	106	82	167	200	89	451	729	339	519	269	139	100
MDV1	54	287	150	147	140	57	136	68	19	193	181	94	818	653	659	241	245	128
MDY2	96	99	224	54	23	22	52	77	49	103	17	24	296	262	243	80	107	27
MEC3	0	0	1	0	0	0	0	0	0	0	0	0	6	2	0	2	0	0
MED1	89	46	75	116	135	43	107	43	56	98	113	160	123	81	109	349	336	136
MED6	0	0	0	1	0	0	0	0	0	0	0	0	0	0	0	0	1	0
MEF2	0	0	0	0	0	0	0	0	0	0	0	0	12	10	8	2	0	0
MEH1	148	147	61	128	344	120	205	286	20	153	324	184	867	920	753	415	667	219
MEI4	58	247	87	155	231	64	195	165	136	140	205	82	312	166	213	139	192	117
MEI5	0	2	10	2	2	0	4	0	3	0	6	2	20	7	6	2	8	4
MEP1	654	1194	3623	641	1183	1109	727	1223	1190	714	1163	1242	840	736	591	933	1764	590
MEP2	1196	1381	1502	1119	738	805	1574	659	855	1431	783	946	3073	2083	2138	1739	1525	687
MEP3	0	0	1	0	0	0	0	0	0	0	0	0	0	0	0	0	0	0
MET1	6508	5930	10591	6023	5044	5538	5455	3529	5122	6236	5046	8018	3930	3147	4344	6063	5458	4521
MET10	420	731	1041	408	626	574	340	307	599	451	624	982	671	500	539	472	773	358
MET12	0	0	0	0	0	0	0	0	0	0	0	0	0	0	0	0	1	0
MET14	425	71	6	246	175	70	63	49	10	218	208	93	738	466	525	147	141	33
MET17	756	1013	1096	1049	1055	466	1179	850	503	1150	995	704	1917	1009	1570	1394	956	526
MET18	0	0	0	1	0	0	0	0	0	0	0	0	0	0	0	0	0	0
MET2	2302	1925	3573	2296	1843	1701	2064	1490	1666	2222	1767	2257	4675	2970	3269	2075	2080	1216
MET28	532	290	611	562	339	281	666	376	260	601	314	363	2554	1932	1949	568	602	295
MET3	2337	1555	1541	2188	1321	1230	2028	1298	1072	2358	1397	1591	2397	1552	2092	1866	1664	717
MET32	792	779	1024	606	757	543	815	673	789	714	622	743	1201	837	804	639	874	390
MET5	31242	32723	148309	25738	24051	71438	31551	28277	79546	29960	25117	118118	6748	4705	8951	14835	17049	21157
MET6	0	2	10	0	39	13	0	31	8	1	34	2	288	211	257	61	56	21
MET8	609	463	206	290	148	152	335	237	150	286	184	211	1022	740	869	239	235	143
MEU1	13	75	118	62	64	66	88	82	120	40	77	95	667	527	421	117	120	72
MEX67	0	0	1	0	0	0	0	0	0	0	0	0	0	0	0	0	0	0
MFA1	236	93	278	1894	1379	733	121	156	35	1921	1243	1362	3560	2318	3080	1761	1992	861
MFA2	21	49	158	68	80	87	80	44	97	133	131	215	399	239	301	128	84	53
MFB1	219	80	257	187	161	105	157	80	121	319	229	104	393	350	320	389	664	247
MFG1	370	124	159	222	146	65	204	152	55	341	150	79	1123	849	847	241	258	124
MFT1	1	523	2	0	361	2	2	558	1	4	360	1	113	140	119	28	83	23
MGA2	1910	725	389	397	245	123	395	268	170	519	318	121	409	485	345	317	455	209
MGL2	58	200	90	82	109	78	72	307	250	107	112	173	754	631	580	159	174	70
MGM1	0	0	0	0	0	0	0	0	0	0	0	0	0	0	4	0	0	0
MGP12	2836	1787	2983	1372	1405	1965	1616	1268	1789	1556	1660	2213	3451	2018	2403	2084	1935	1012
MGR1	0	0	0	0	0	0	0	0	0	0	0	1	0	0	0	0	0	0
MGR2	60	34	16	42	29	10	66	79	10	65	38	4	295	278	200	57	109	30
MGR3	0	0	0	0	4	15	0	11	31	1	1	30	158	170	99	21	34	2
MGS1	0	0	0	0	0	0	0	0	0	0	0	1	0	0	0	0	0	0
MGT1	59	39	31	14	41	24	16	108	16	13	27	53	315	180	208	63	76	28
MHF1	3592	3274	4690	4362	3282	2568	3840	2441	2404	4707	3181	3590	5213	3218	4664	5011	4282	2213
MHF2	35	14	86	976	793	265	30	6	22	734	680	928	822	474	698	718	711	643
MHO1	521	136	386	92	149	147	220	165	123	181	199	191	871	620	668	198	209	71
MHP1	132	337	444	158	191	138	202	168	171	193	177	208	520	416	444	196	145	65
MHR1	0	64	76	1	12	3	2	32	12	3	15	14	219	344	138	44	52	12
MHT1	0	0	0	2	0	0	0	0	0	0	0	0	0	0	2	0	0	2
MIC10	177	109	541	179	214	127	237	270	234	310	183	208	936	799	633	242	224	92
MIC12	21	68	332	42	139	34	55	67	38	49	103	126	461	350	307	105	96	32
MIC19	824	1092	1695	628	868	542	644	887	599	731	857	796	955	694	664	837	1105	486
MIC27	29	65	85	18	61	28	36	82	28	24	50	82	34	34	32	34	66	36
MIC60	55	43	0	56	65	10	86	43	4	65	68	14	465	452	215	174	172	45
MIG2	93	65	62	29	42	54	144	72	39	48	30	72	485	348	335	110	89	52
MIG3	4394	2975	6662	2562	2556	3224	2993	1740	2979	3137	2315	4463	7343	5014	5688	3778	3265	1710
MIH1	1156	1021	1240	1110	1284	760	849	708	393	1231	1230	1130	1747	1464	1617	1004	1300	623
MIL1	982	2385	2190	1355	1271	1151	1304	837	1050	1541	1164	1678	3266	2319	2226	1736	1816	972
MIN10	0	0	10	0	0	0	4	6	11	0	2	19	58	57	46	17	21	20
MIN3	846	302	482	423	248	262	446	286	126	578	190	466	2105	1593	1507	594	624	241
MIN4	47	59	190	1122	1297	1162	19	35	30	972	1314	2506	2080	1679	1685	1427	1630	732
MIN6	17511	14453	25935	19471	15245	13024	17089	10938	12868	20649	14521	17422	21414	12852	18474	23518	17470	8274
MIP6	2	0	11	2	0	2	4	0	0	2	4	4	2	4	3	8	2	11
MIR1	0	0	2	0	0	0	0	0	0	0	0	0	136	202	98	18	50	20
MIS1	73	144	232	104	89	99	91	57	69	129	82	160	1137	1190	939	213	329	138
MIX14	0	0	0	0	0	0	0	0	0	0	0	0	0	2	0	1	0	0
MIX23	376	60	204	245	114	69	176	53	51	215	79	107	738	588	514	147	127	69
MKC7	107	983	582	450	619	271	537	473	354	395	644	436	1262	1057	1066	1098	1288	441
MKK1	0	3	4	2	0	0	0	2	0	0	0	0	0	0	0	0	0	0
MKK2	728	660	837	502	571	582	502	662	464	587	502	582	1130	906	816	546	669	379
MKS1	285	6	56	27	31	19	38	66	2	42	46	20	351	321	324	87	118	36
MKT1	56394	43623	185209	39016	33485	88654	49036	41878	97669	42118	37139	142415	6557	4655	8912	15344	17487	20872
MLF3	6332	5175	9538	4821	4132	4426	4074	2982	4197	5368	3613	6933	2824	2161	2991	5419	4661	3471
MLH1	26	19	0	10	81	75	87	119	144	37	103	70	739	512	446	231	238	101
MLH3	1221	1078	1181	1105	938	873	1009	509	739	1256	905	1178	2268	1564	1838	1331	1139	631
MLO1	1447	958	1629	967	628	613	1349	694	736	1091	605	775	2204	1600	1709	826	705	304
MLO127	35588	35775	74034	32256	27043	29742	24167	18596	28440	33870	26272	49361	16151	11142	17505	34330	28911	23062
MLP1	189	167	83	57	66	90	115	85	125	79	89	172	366	310	289	114	106	43
MME1	319	447	449	81	486	277	124	556	573	118	459	403	760	710	733	668	826	298
MMF1	6	2	31	235	85	175	4	4	17	243	75	445	157	142	157	178	220	62
MMM1	0	0	0	0	0	0	0	0	0	0	0	0	0	2	0	0	0	0
MMO1	6	13	32	23	4	9	23	14	14	25	19	35	39	20	37	34	19	24
MMP1	57	74	371	94	115	119	170	174	56	157	117	158	1124	877	769	190	220	123
MMR1	0	0	55	6	23	4	1	12	21	17	12	23	296	290	251	65	71	32
MMS21	1	0	0	0	0	0	0	0	0	0	0	0	0	0	0	0	0	0
MMS4	80	10	283	39	14	65	84	2	94	49	9	18	298	218	244	59	101	39
MMT1	89	123	876	98	54	22	124	45	41	138	64	30	437	302	349	102	138	42
MMT2	2781	845	2333	766	471	620	1220	553	629	995	420	830	2533	1483	1904	1024	743	378
MNE1	0	0	0	16	0	0	0	0	0	6	0	2	11	12	2	4	0	1
MNL2	28	20	69	20	48	2	27	30	2	36	17	26	129	146	108	21	41	14
MNN1	778	286	841	341	318	285	500	310	301	365	306	295	1763	1398	1407	528	450	153
MNN10	0	20	69	0	13	13	0	31	15	0	18	38	132	230	100	53	120	68
MNN14	509	898	1225	574	551	391	614	318	418	660	529	739	1544	1053	1259	732	674	293
MNN4	59	430	1009	35	461	426	46	317	470	65	416	611	344	302	179	240	616	265
MNN5	101	412	347	101	227	59	286	290	78	164	215	128	738	542	656	236	218	113
MNR2	298	200	246	264	141	78	539	49	60	305	174	100	1020	840	787	288	303	68
MNS1	52	94	145	183	141	165	137	152	122	168	141	141	773	699	585	178	206	65
MNT2	375	911	1017	639	457	488	769	332	389	685	343	620	2563	2074	2072	564	590	322
MNT3	35	69	110	1009	1326	507	11	13	4	1093	1076	1066	1690	1308	1514	1193	1205	442
MNT4	10601	8534	19654	10522	6616	8902	9675	5193	8853	11224	6462	15525	5119	3880	5230	9960	8796	7109
MOG1	0	0	1	0	0	0	0	0	0	0	0	1	0	0	0	0	0	0
MON1	213	175	255	15	165	54	40	119	112	46	157	133	208	204	105	105	300	139
MON2	1	24	29	9	64	42	21	7	26	22	79	31	646	495	358	117	145	51
MOT3	11	28	32	556	517	270	6	1	3	403	398	640	2394	1615	1910	1146	855	492
MPA43	327	121	80	408	116	50	302	67	73	417	99	47	648	530	585	145	158	78
MPC2	67	98	27	44	132	28	32	74	8	70	94	27	343	307	224	73	127	31
MPC54	105	20	18	70	164	39	158	156	41	92	204	77	612	440	443	178	152	68
MPD1	214	665	134	246	360	185	225	550	142	287	439	255	1123	860	901	291	299	140
MPD2	1951	1833	2496	1548	1519	1284	1539	1650	1216	1744	1474	1852	2766	1744	2546	2843	1939	967
MPE1	0	0	0	0	0	1	0	0	1	0	0	0	0	0	0	0	0	0
MPH1	738	609	435	774	775	343	615	404	216	773	780	508	1082	648	1026	1052	898	603
MPM1	0	0	0	0	0	2	0	0	0	0	0	0	0	0	0	0	0	0
MPP6	0	41	0	15	22	6	12	30	5	21	41	4	94	64	85	12	16	12
MPS1	0	0	0	0	0	0	0	0	0	0	0	1	0	0	0	0	0	0
MRC1	0	9	59	11	38	22	15	38	0	20	49	28	469	337	285	95	99	56
MRE11	0	0	0	0	0	0	0	0	1	0	0	0	0	0	0	0	0	0
MRH1	403	768	1194	575	565	281	763	398	242	547	524	437	1943	1304	1581	607	621	310
MRI1	2335	1051	2486	6394	5611	2814	2429	1137	1534	7053	5108	5358	8721	6279	7285	6007	5765	2588
MRK1	55	36	90	1296	1116	529	21	9	21	1308	951	1219	2374	1725	2085	1490	1315	579
MRL1	473	395	838	393	285	329	551	299	290	409	284	486	1944	1470	1616	565	508	212
MRM1	0	2	0	0	10	0	0	19	0	0	14	0	20	24	6	0	3	0
MRM2	2	2	7	5	2	2	0	0	0	8	2	3	64	58	32	13	23	2
MRN1	89	187	185	51	199	121	77	142	104	83	222	114	376	536	286	238	389	125
MRP13	1086	1045	3011	893	1291	957	782	840	1148	860	1441	2151	1273	792	1136	1649	2010	1048
MRP17	0	0	0	0	0	0	0	0	0	0	0	0	12	27	14	2	0	0
MRP35	481	677	973	321	588	420	235	352	451	345	716	541	510	400	446	498	655	445
MRP49	14	16	99	13	16	55	88	8	108	26	35	70	359	564	304	45	93	36
MRP51	0	0	0	0	0	0	0	0	0	0	0	0	12	2	3	0	6	2
MRP7	0	0	0	0	2	0	0	0	1	0	0	0	45	54	9	2	15	6
MRP8	966	126	450	497	196	367	855	49	315	727	164	590	826	547	638	641	540	301
MRPL10	0	0	0	0	0	0	0	0	0	0	1	0	0	0	0	0	0	0
MRPL11	75	0	11	76	4	4	46	0	16	84	0	7	168	214	126	21	53	15
MRPL13	1	2	0	22	52	1	0	9	0	14	17	0	77	124	51	9	18	4
MRPL15	0	0	0	0	0	0	0	0	0	0	0	0	2	6	0	2	2	0
MRPL17	2	0	0	22	1	16	0	1	6	24	0	6	79	97	42	13	13	4
MRPL20	0	10	2	3	5	6	0	0	84	3	7	0	142	121	82	18	23	4
MRPL23	0	0	0	7	0	0	3	0	1	18	1	1	41	35	16	5	15	0
MRPL25	0	0	0	0	0	0	0	0	0	2	0	0	1	14	3	0	6	0
MRPL27	0	0	1	0	0	2	0	0	1	0	0	2	72	116	80	12	21	6
MRPL32	67	1	0	11	0	0	20	0	0	18	0	0	24	52	19	5	0	2
MRPL33	0	0	0	0	1	0	0	0	1	0	0	1	0	0	0	1	0	0
MRPL37	0	1	0	2	0	0	0	0	0	8	0	9	60	47	12	10	6	4
MRPL38	0	0	0	0	0	0	0	0	0	0	0	0	8	8	3	0	2	0
MRPL39	35	214	90	76	223	59	132	177	90	114	191	81	1341	1061	918	192	291	87
MRPL4	0	0	0	0	0	0	0	0	0	0	0	0	11	18	6	2	2	2
MRPL40	0	3	0	0	9	0	0	4	0	0	8	0	18	17	8	6	6	2
MRPL44	573	319	312	168	254	112	227	402	201	265	244	146	1214	1033	899	360	369	144
MRPL49	0	0	0	0	0	2	0	0	0	0	0	0	10	20	13	0	3	0
MRPL50	2715	2860	7252	1792	1666	2293	1493	1053	1786	2226	1771	3592	1695	1153	1806	2523	2516	1880
MRPL51	0	0	0	0	0	0	0	0	0	0	0	0	12	4	4	0	0	0
MRPL8	0	0	0	0	0	0	0	0	0	0	0	0	19	8	4	0	2	0
MRPS35	0	0	2	0	0	0	0	0	57	2	0	44	92	68	56	4	8	6
MRPS5	0	0	0	0	0	0	0	0	0	0	0	0	14	18	4	3	8	0
MRPS9	3	0	1	0	1	0	1	0	0	0	0	0	1016	695	613	441	395	157
MRS2	88	10	1	18	21	0	2	24	1	40	11	0	132	148	101	27	23	6
MRS3	3126	2558	4830	3100	2971	2882	2695	1537	2214	3376	2548	3614	2316	1496	2102	3485	3042	1516
MRS4	8632	7884	25101	10563	7716	10304	6959	4169	9395	11138	7128	16962	4976	3559	5623	11072	9637	8923
MRX12	400	257	381	395	235	246	671	184	208	415	214	249	1375	861	987	350	245	164
MRX15	158	67	78	108	75	40	58	68	86	98	74	25	432	272	316	109	115	24
MRX18	66	18	4	73	28	12	52	47	12	75	32	14	263	189	162	50	53	40
MRX19	65	50	107	43	35	61	44	37	63	61	66	218	510	477	354	100	127	86
MRX21	29	174	249	31	133	85	23	222	131	42	170	112	116	51	57	57	144	66
MRX3	98	10	175	66	24	31	57	113	17	82	31	26	532	407	402	103	78	59
MRX4	318	216	325	340	143	96	533	337	238	415	230	226	798	646	638	192	194	64
MRX6	350	339	37	183	184	57	288	323	34	244	159	50	551	468	486	132	171	77
MRX8	32	21	29	37	9	14	44	27	26	34	17	19	79	55	68	51	39	16
MRX9	73	215	91	47	68	22	103	109	0	67	112	32	440	376	362	126	125	54
MSA2	517	314	674	349	198	205	542	181	151	365	201	250	2025	1409	1543	466	498	208
MSB2	234	108	8	155	41	27	153	51	50	117	39	45	347	257	241	70	63	22
MSB4	63	78	258	107	53	70	14	57	36	117	26	52	298	299	284	94	100	45
MSC1	70	92	2	32	165	80	26	93	0	50	110	111	354	213	265	115	135	66
MSC2	411	108	189	284	91	118	245	27	126	345	114	169	656	503	541	209	183	74
MSC3	32	75	3	47	48	19	109	47	40	39	61	52	267	210	243	83	53	29
MSC6	171	133	139	48	27	58	50	75	95	79	46	81	484	367	290	63	91	47
MSC7	104	38	155	66	33	24	61	27	58	67	53	70	98	94	107	101	101	74
MSE1	0	0	0	0	0	0	0	0	0	0	0	0	16	19	9	0	9	0
MSF1	0	0	2	0	0	0	0	0	0	0	0	0	7	18	10	6	2	0
MSG5	145	93	47	23	47	19	35	12	7	54	32	49	419	287	310	104	80	63
MSH2	263365	169929	170557	495923	320450	84551	228466	113568	71986	428664	285203	214506	3102	3588	3324	252915	266202	83239
MSH4	662	851	831	295	419	441	467	548	396	371	466	652	951	820	544	560	741	313
MSH5	6809	8646	16669	7479	6500	7492	5805	4753	7115	8588	6092	12158	4025	2979	4376	7594	6707	4821
MSH6	1366	2516	2769	907	2177	1864	797	1416	1564	1096	2126	2497	1994	1860	1378	1559	2835	1067
MSK1	0	0	0	0	0	0	0	0	0	0	0	0	6	2	4	0	0	0
MSL1	14	4	4	388	142	61	10	2	2	435	162	160	325	257	314	225	219	122
MSM1	0	0	0	0	0	0	0	0	0	0	0	0	10	0	2	0	0	0
MSN1	334	122	239	137	81	37	190	22	70	198	101	36	624	551	424	111	109	61
MSN4	125	109	127	63	49	189	68	29	241	120	68	289	739	550	639	228	191	75
MSN5	2	0	1	114	1	6	2	0	1	74	0	1	308	368	237	35	70	18
MSO1	28	130	10	49	21	37	81	13	92	44	17	75	440	343	337	86	103	44
MSP1	567	1608	1362	945	1249	756	671	836	875	922	974	1032	1107	787	913	1075	1519	680
MSR1	4	0	0	0	2	0	0	0	0	0	4	0	3	2	0	0	0	0
MSS1	24	4	10	14	32	8	57	22	24	8	33	19	213	84	107	57	37	16
MSS11	25	92	135	112	46	65	139	80	86	67	93	64	618	464	473	122	138	58
MSS116	0	0	0	0	0	0	0	0	0	0	0	0	21	12	6	0	0	0
MSS2	0	0	0	0	0	0	0	0	0	0	0	0	16	20	2	0	2	0
MSS51	0	0	0	0	0	0	0	0	0	0	0	0	19	17	2	2	2	0
MST1	0	237	0	2	22	0	0	77	0	0	14	2	40	47	32	8	12	8
MSW1	25	123	47	39	101	42	16	53	46	54	72	147	696	687	389	98	128	62
MTC1	17	8	13	136	58	31	2	1	0	146	63	79	278	193	248	104	80	70
MTC2	69	8	70	31	9	6	24	0	31	8	2	0	98	87	62	6	16	12
MTC4	368	155	0	92	42	18	138	112	83	126	70	40	578	365	416	67	103	71
MTC5	46	8	28	73	26	25	42	0	31	47	33	10	305	348	226	53	77	15
MTC6	675	729	1097	554	586	494	827	644	607	666	745	740	1356	951	1101	792	551	311
MTC7	32	0	35	20	17	11	2	21	28	18	24	11	338	202	205	71	72	20
MTD1	710	3025	2570	855	1528	1293	1030	1568	1678	881	1433	1688	2372	2525	1613	1729	3358	983
MTE1	0	0	7	15	1	4	34	0	10	32	0	10	70	56	58	24	18	6
MTF1	0	0	0	0	0	0	0	0	0	1	0	0	11	21	10	0	14	0
MTF2	0	0	0	0	0	0	0	0	0	0	0	0	12	15	13	0	6	2
MTG1	15	6	84	2	32	4	8	2	2	8	25	24	230	212	140	29	71	15
MTH1	58	63	66	1579	1502	611	71	24	20	1602	1072	1544	3364	2555	2926	1904	1950	984
MTL1	646	224	123	198	188	140	338	151	195	353	231	139	904	726	675	268	237	86
MTM1	5	29	11	15	95	6	14	42	18	13	91	5	428	792	254	56	165	26
MTO1	847	37	119	541	485	213	425	74	105	738	403	608	1170	1029	1032	514	636	248
MTQ1	232	332	121	135	136	80	281	252	96	157	130	38	1181	945	910	269	261	123
MTR2	0	0	0	0	0	0	0	0	0	0	0	1	0	0	0	0	0	0
MTR4	0	0	0	0	0	1	0	0	0	0	0	0	0	0	0	0	0	0
MUB1	0	0	58	1	4	22	1	0	37	9	3	49	202	196	174	36	40	18
MUD1	311	375	139	304	262	300	551	191	227	362	222	350	1074	828	758	254	274	120
MUD2	1147	305	1094	406	211	267	1015	379	377	563	203	395	2609	2019	2072	497	567	319
MUK1	366	1445	1917	301	1076	688	660	1358	654	419	1096	879	309	341	219	345	1289	598
MUM2	0	6	13	16	4	10	2	0	6	8	2	12	2	6	4	10	2	2
MUM3	78	263	169	101	164	134	94	157	145	102	142	186	673	524	480	141	200	69
MUP1	18	11	0	55	4	0	38	0	1	48	8	0	97	116	115	22	58	9
MUP3	36	16	64	26	34	22	10	12	13	20	29	64	60	46	44	34	42	27
MUS81	146	148	166	66	44	42	167	73	32	60	66	85	499	475	370	118	134	56
MVB12	5	66	25	45	50	30	36	76	17	58	42	19	185	104	179	61	72	12
MVP1	24	27	294	71	45	52	56	67	77	91	33	51	256	212	205	73	72	43
MXR1	0	13	85	0	8	5	0	0	46	3	2	15	56	32	46	6	18	7
MYG1	12	37	28	40	108	22	18	40	25	66	98	17	1246	1182	864	268	344	113
MYO2	0	0	0	0	0	0	0	0	0	0	0	1	0	0	0	0	0	0
MYO3	339	125	456	249	261	119	185	96	97	258	155	380	416	210	327	322	284	259
MYO4	1004	1492	2313	781	1495	878	898	1780	1006	962	1500	1156	1565	1290	1230	1220	1621	674
MYO5	44	59	8	29	5	21	47	15	34	31	14	4	395	242	347	86	67	31
MZM1	136	103	110	185	100	72	132	60	65	228	87	167	1137	1066	879	158	238	101
NAB6	40	239	33	69	187	34	133	156	17	104	117	110	345	286	250	93	90	31
NAM2	0	0	0	0	0	0	0	0	0	0	0	0	29	28	17	6	14	6
NAM7	90	119	337	125	201	139	27	38	299	138	166	141	496	378	331	204	184	61
NAM8	223	543	734	203	403	438	346	386	524	314	420	544	484	307	274	321	659	251
NAP1	162	258	272	65	135	115	190	263	223	136	161	142	1051	722	801	242	229	100
NAS2	17361	14508	27090	13605	10880	11991	11499	7100	11560	15063	11082	22763	7747	5674	7924	14628	13553	10024
NAT3	0	0	0	6	0	2	0	0	0	0	0	6	38	69	20	6	27	0
NAT4	838	638	716	385	239	145	756	214	169	511	170	162	932	511	674	252	220	147
NBA1	1461	3240	3397	1044	1503	1346	1421	976	1324	1292	1410	1769	2534	1791	1849	1601	1485	754
NBP1	0	0	0	0	0	0	0	0	0	0	0	1	0	0	0	0	0	0
NBP2	31	28	110	168	141	88	41	24	55	289	127	158	750	431	448	304	201	82
NCA3	28	47	215	74	104	32	133	41	47	88	47	56	438	368	353	79	100	55
NCE101	965	2663	4902	854	2247	1858	1201	1536	1806	838	2043	2766	1550	1252	1090	1352	2451	1133
NCS2	8	0	8	90	6	25	2	1	0	125	0	107	79	113	57	36	64	11
NCW2	276	159	55	98	60	10	218	66	4	127	58	46	370	290	249	112	126	41
NDD1	0	0	1	0	0	0	0	0	0	0	0	0	0	0	0	0	0	0
NDE1	1085	5684	5216	4218	10248	4091	2723	2819	1834	4123	9955	5968	1444	1240	839	5554	13300	3977
NDE2	10	4	19	14	18	4	44	7	8	8	10	11	63	48	90	9	24	17
NDI1	122	74	858	91	105	192	221	48	324	127	113	222	1728	990	1254	149	208	128
NDJ1	11944	9534	22412	10409	8008	9830	8768	6347	10411	10964	7424	15051	5522	4031	5834	10383	9137	7684
NDL1	908	822	1880	389	501	630	1018	765	1295	598	479	1082	1181	923	998	522	604	234
NDT80	3159	3530	7189	2940	2923	3046	2188	2121	2824	3188	2668	3976	1629	1150	1639	3373	3183	2197
NEJ1	81	78	927	226	108	111	67	99	217	233	126	188	581	415	482	162	170	55
NEL1	1034	2212	1810	745	1735	841	726	1209	946	788	1916	1047	861	893	632	808	1983	710
NEM1	0	0	0	5	1	1	27	0	0	12	0	11	120	158	98	15	12	13
NET1	0	0	0	0	0	0	0	1	0	0	0	0	0	0	0	0	0	0
NEW1	2	2	2	0	0	1	0	0	0	0	0	0	0	0	1	0	1	0
NFG1	14	66	127	70	70	23	153	21	47	120	76	28	418	316	304	71	98	57
NFI1	433	153	412	264	93	137	352	60	218	387	107	199	652	606	510	220	342	148
NFT1	278	72	1	167	62	7	184	46	1	263	74	16	514	405	347	122	80	59
NFU1	1	186	317	1	59	12	2	69	6	1	63	39	300	271	222	81	95	44
NGG1	0	0	1	4	14	0	0	0	0	0	0	1	79	195	74	43	128	24
NGK1	8424	9100	18632	8437	7372	9069	6660	4184	8124	8498	7060	13616	4384	3004	4528	7680	7841	7013
NGL2	92	9	0	82	16	3	171	49	1	121	29	5	479	263	220	52	102	35
NGR1	834	1771	1946	1199	1676	1184	1160	1195	1174	1438	1477	2258	3102	2010	2325	2450	2193	993
NHA1	224	393	122	91	171	40	84	293	80	82	144	63	857	679	579	249	299	95
NHP10	73	23	24	58	84	45	76	86	52	70	124	60	335	239	186	156	131	37
NHP6A	8	55	29	18	21	22	6	22	16	20	30	17	255	220	190	52	45	32
NHP6B	243	465	40	35	149	34	72	175	114	81	138	43	494	447	409	128	157	58
NIF3	11	0	81	23	3	60	30	0	109	14	0	107	553	343	287	80	94	47
NIP1	0	0	0	0	0	0	0	0	0	0	0	1	0	0	0	0	0	0
NIP100	1	4	0	0	35	6	0	6	10	0	33	18	105	154	107	20	46	12
NIS1	1531	2379	3047	912	1822	1224	1757	1508	1614	1147	1790	1479	2119	1992	1446	1436	2673	833
NIT1	24	322	45	697	957	359	134	63	8	642	775	945	1571	1350	1444	963	1052	369
NIT3	128	134	423	80	44	32	58	97	72	56	57	35	367	228	233	98	102	35
NKP1	2	2	17	4	10	2	7	26	4	6	14	12	79	54	36	23	26	8
NKP2	85	0	2	34	0	0	37	0	0	29	0	0	122	79	55	19	23	4
NMA1	3402	1749	3578	2392	1728	1796	2119	1285	1635	2370	1539	2419	2210	1425	1781	2564	2025	996
NMA111	51	44	10	26	8	3	59	52	11	30	30	12	141	98	62	26	36	9
NMA2	33	3	34	25	10	30	23	15	4	22	8	36	232	172	154	55	44	19
NMD2	372	467	778	57	259	314	103	259	281	80	235	382	358	407	309	353	472	210
NMD4	1703	1523	2826	1420	1559	1586	1952	1320	1462	1737	1509	1568	2451	1530	1732	1800	2196	918
NNF2	144	129	661	437	439	382	105	138	369	489	398	668	1033	630	1086	981	778	560
NNK1	94	188	46	143	154	105	172	123	92	184	210	187	533	477	493	165	211	85
NNR2	100	131	449	92	109	124	79	102	81	91	110	131	766	640	504	200	214	70
NNT1	162	42	1	149	4	0	32	2	0	172	30	1	234	275	220	47	75	58
NOP13	6237	3361	7875	3668	3128	3095	4762	3401	3724	4363	3416	4267	8564	4923	6232	5467	4625	2437
NOP16	69	132	67	111	122	28	117	70	30	160	105	24	589	524	425	103	200	89
NPL3	0	0	0	0	0	0	0	0	0	0	0	0	12	2	0	2	2	0
NPL4	249	400	289	199	184	96	179	40	131	199	95	119	761	607	629	122	167	79
NPL6	0	0	0	2	1	0	0	0	0	1	0	0	45	127	27	9	33	3
NPP2	351	252	520	337	199	42	327	243	37	360	154	92	1166	785	877	291	277	126
NPR2	1688	249	632	650	237	248	599	249	225	703	245	388	1357	1020	998	393	413	212
NPR3	4115	3084	7186	2393	2192	2589	2365	2002	2704	2680	2346	4351	1437	1007	1399	2989	3145	2595
NPY1	0	0	0	1	0	0	0	0	0	0	0	0	0	0	0	0	0	0
NRE1	1478	4035	4481	1033	2899	2113	813	2518	2145	1320	2895	2792	1705	1565	1032	1400	3320	1182
NRG1	2621	2668	3471	3736	2888	2448	2639	1704	1466	3920	2738	2778	2897	2213	2872	3006	3192	1512
NRG2	22	224	292	78	234	60	70	234	43	101	210	68	298	287	311	136	132	62
NRK1	2176	3128	5026	2596	2451	2037	2622	2081	2125	2814	2491	3068	4613	3056	3707	3327	3015	1542
NRM1	322	461	824	679	473	311	440	131	174	603	487	577	1081	763	862	930	780	486
NRP1	0	29	0	0	8	0	1	0	0	1	10	1	150	152	76	16	39	8
NRS1	0	0	2	0	0	0	0	0	0	2	0	0	0	0	0	0	0	0
NRT1	342	143	218	348	75	121	167	69	72	345	55	180	833	763	848	225	259	104
NSG1	154	156	243	284	267	197	318	204	254	252	255	181	397	335	247	220	267	150
NSG2	2220	2379	2576	2255	2314	1860	1732	1769	1380	2317	2892	1971	3192	2022	2479	2452	2457	1136
NSI1	2265	590	266	472	305	146	529	249	307	440	282	245	2047	1413	1481	444	549	178
NST1	210	569	1266	333	922	548	302	411	682	319	922	909	742	993	606	525	1315	401
NTA1	448	188	126	284	109	83	164	20	62	229	96	134	1126	895	868	263	262	120
NTC20	418	368	842	449	315	248	382	416	405	427	316	416	1648	1389	1399	371	440	181
NTE1	438	514	265	310	290	157	360	264	319	403	292	331	1997	1427	1604	508	537	225
NTF2	0	0	0	0	0	0	0	0	1	0	0	0	0	0	0	0	0	0
NTG1	1769	1315	3827	993	1075	1281	1001	762	1529	1332	940	1999	2026	1440	1547	1455	1728	740
NTG2	847	579	655	428	285	264	317	315	229	364	277	396	1523	1049	1136	539	443	242
NTH1	204	157	86	58	35	10	99	7	22	72	35	24	253	217	182	88	66	28
NTH2	403	257	65	177	132	43	258	179	93	255	124	81	1070	768	798	237	201	120
NTO1	131	23	149	102	113	21	47	50	12	73	109	53	472	454	384	120	103	32
NUC1	11	2	24	2	6	4	15	6	11	18	11	31	15	13	2	19	12	27
NUM1	0	0	76	4	2	10	4	9	0	12	5	13	80	136	69	19	39	3
NUP100	1882	1180	1920	1186	1215	1037	1342	1283	912	1494	1563	1096	1228	910	948	1064	1141	526
NUP120	0	0	0	0	0	0	0	0	0	0	0	0	10	16	12	0	0	0
NUP133	0	0	0	0	0	0	0	0	0	0	0	0	14	52	24	20	15	2
NUP159	0	0	0	0	0	0	0	0	0	1	0	0	0	0	0	0	0	0
NUP188	0	0	3	1	0	13	0	0	3	1	0	29	174	244	139	14	55	20
NUP2	65	56	0	51	104	11	42	88	26	33	113	6	197	134	127	69	49	18
NUP42	5591	3758	11192	4742	2716	3712	3671	2289	3672	4677	2649	7036	2303	1780	2346	4510	3974	2704
NUP53	44	274	495	101	151	144	139	226	262	137	215	184	681	445	567	170	207	90
NUP60	0	0	0	0	10	2	1	0	0	8	4	2	17	28	20	6	7	6
NUT1	1484	2003	4399	2431	3676	2414	1613	1657	2087	2762	3955	5267	1266	825	921	4010	5361	3151
NVJ1	0	0	0	0	0	0	0	2	0	0	0	0	0	0	0	0	0	0
NVJ2	242	654	554	264	269	238	219	293	304	305	279	446	1820	1347	1365	443	496	235
NVJ3	27	8	12	6	2	0	2	2	2	7	0	10	18	21	16	0	4	10
OAC1	93	71	75	1512	1125	359	112	9	72	1356	1018	1010	1589	1201	1527	1038	1047	430
OAF1	600	615	625	443	311	322	457	504	452	550	266	381	2034	1206	1451	683	517	324
OAF3	6396	4446	25175	4754	4225	7063	6364	5020	9740	5468	4481	17058	1849	1277	1849	3978	3745	4510
OAZ1	792	633	1909	669	708	466	1146	839	588	717	833	1139	1973	1261	1132	1148	1170	823
OCA1	252	1712	1860	440	1640	1319	530	738	931	490	1406	1904	1207	1129	925	1326	3754	1577
OCA2	80	644	600	206	629	537	339	539	326	257	608	614	517	487	415	572	1503	611
OCA4	245	825	1188	293	838	1058	249	437	836	277	767	1686	958	843	808	886	2504	1180
OCA5	978	1506	2907	966	1030	1192	802	338	777	1052	775	2008	1340	1240	1457	2033	2308	1340
OCA6	1050	841	1935	447	362	504	313	698	570	379	395	681	2395	1510	2040	1076	962	415
OCT1	0	0	0	0	0	0	0	0	1	0	0	0	17	17	4	2	2	0
OGG1	628	402	1077	620	345	404	858	311	583	685	425	634	1266	841	1206	737	548	239
OLA1	80	0	26	14	15	0	35	1	15	6	6	0	155	184	86	35	42	15
OM14	39	195	508	88	197	47	77	390	42	89	157	61	860	636	714	257	198	121
OM45	410	266	555	378	270	201	380	137	347	487	257	305	1923	1535	1357	306	359	210
OMA1	29	68	94	25	61	7	29	43	59	21	61	22	330	239	231	66	76	29
OMS1	28	4	1	79	62	14	5	3	1	92	65	24	304	311	265	106	131	50
OPI10	254	233	193	249	172	88	212	260	89	266	172	110	907	692	574	263	319	117
OPI11	0	0	0	0	0	0	0	0	1	0	0	0	12	72	9	2	2	0
OPI3	1	0	0	3	3	1	0	0	0	1	0	0	166	113	106	32	35	17
OPI7	30	98	71	16	103	44	22	78	79	25	106	185	531	562	415	108	138	46
OPI9	1	0	67	19	24	48	43	11	22	18	11	31	221	206	167	64	143	45
OPT1	1047	1821	2005	2104	1856	1325	1340	1286	1646	2123	1836	2346	3421	2081	2901	2870	2505	1786
OPY1	221	144	265	502	237	96	530	229	173	476	240	98	548	311	387	297	264	85
OPY2	452	290	965	141	221	252	306	333	316	209	185	693	734	494	560	172	186	58
ORA1	18	78	112	43	49	18	69	71	21	61	31	12	204	216	193	60	57	26
ORA1|LUG1	1	2	170	10	14	81	36	0	131	13	15	84	255	269	177	40	80	32
ORC6	0	0	0	0	0	0	0	1	0	0	0	0	0	0	0	0	0	0
ORM1	383	1030	1522	319	659	720	459	829	1079	317	718	925	606	485	376	610	1372	517
ORM2	22	132	50	112	145	50	273	122	9	121	155	63	330	255	180	122	155	63
ORT1	0	0	2	0	0	0	0	0	0	0	0	2	0	0	6	0	0	0
OSH2	40	29	83	20	25	30	14	30	15	30	40	33	262	212	167	44	53	23
OSH3	1023	771	2143	1692	902	1730	1420	561	1569	2044	1148	2173	1375	1027	1082	1417	1187	667
OSH6	1723	1087	2603	1150	948	1129	1599	969	1050	1391	1003	1552	2140	1644	1394	1474	1948	747
OSI1	128	188	967	125	137	221	130	117	331	132	202	318	1307	974	947	289	305	126
OSM1	206	1054	381	433	265	178	326	369	141	459	301	298	1405	953	1050	331	346	138
OST1	0	0	1	0	0	0	0	0	0	0	0	0	0	0	0	0	0	0
OST3	25	48	61	32	48	27	15	18	21	65	64	137	642	588	462	271	221	77
OST5	0	0	2	0	0	0	0	2	0	2	0	0	0	0	0	0	2	0
OST6	487	249	269	160	132	161	276	98	267	248	127	343	846	678	668	276	274	88
OSW1	0	0	0	0	2	0	0	0	0	0	0	1	3	2	3	0	0	0
OSW2	14	1	6	3	2	2	2	0	2	1	6	0	37	14	21	2	2	5
OSW7	592	558	276	249	384	129	526	450	90	273	288	199	2070	1426	1414	467	447	218
OTU1	567	1821	2216	609	1320	1052	726	1103	973	712	1242	1597	932	778	603	672	1629	717
OTU2	315	424	800	321	324	210	221	221	271	296	288	320	610	447	723	720	666	458
OXA1	28	0	1	8	17	0	23	38	1	25	23	0	98	76	43	6	12	11
OXP1	87	160	100	127	201	65	132	88	74	137	76	111	669	506	490	171	165	52
OXR1	3559	3281	7633	2184	2153	2940	3473	2140	3171	2497	2362	3608	5212	3742	4139	3829	3792	1749
OYE2	25	39	97	16	77	94	17	52	76	24	39	127	401	326	279	66	73	31
OYE3	784	509	754	475	188	307	709	241	408	488	216	565	1777	1158	1307	515	391	270
PAA1	757	587	760	526	286	149	551	261	317	545	300	306	1266	925	1202	780	653	295
PAC1	2	1	10	68	4	16	96	0	14	84	10	22	331	215	198	58	86	20
PAC10	57	45	14	44	98	45	49	20	12	106	94	37	220	229	121	129	330	69
PAC11	167	398	251	68	194	137	185	528	130	85	157	138	470	479	426	180	142	66
PAC2	930	263	642	474	252	210	822	273	312	577	262	335	1455	1053	1031	312	378	130
PAH1	1	0	0	0	0	0	0	0	0	0	0	0	0	0	0	0	0	0
PAI3	8434	6893	12996	6647	4785	5637	5245	3807	5273	6907	4843	8843	4832	3870	4876	6263	6395	4772
PAL2	506	289	487	193	277	113	222	414	130	233	285	171	293	277	171	243	438	128
PAM1	874	285	488	360	279	322	663	310	384	458	281	506	1746	1122	1324	519	422	225
PAM17	1726	2087	4596	1614	1606	1910	1332	1230	1886	1858	1673	3149	2711	1759	2767	3587	3291	2456
PAN3	655	727	592	542	539	164	551	507	251	512	368	275	1656	1101	1183	461	416	179
PAN6	0	0	0	7	7	0	0	0	0	0	2	0	2	6	4	2	2	4
PAR32	357	513	1306	546	512	394	324	270	518	609	471	950	1513	1124	1427	804	1121	842
PAU11	1424	749	1687	1752	711	808	1274	520	681	1606	668	1055	1501	985	1223	1357	934	565
PAU17	0	0	0	0	0	0	2	0	0	0	0	0	0	0	0	0	0	0
PAU2	99	47	250	51	50	47	37	349	31	75	12	98	333	292	285	63	81	22
PAU23	55	104	72	94	83	28	88	148	50	104	74	75	238	248	131	119	174	67
PAU24	328	369	38	298	260	102	251	228	64	425	269	167	1662	1339	1142	378	419	200
PAU4	33671	25426	128318	25865	21634	64196	30553	19348	65907	28695	23170	114617	6041	4584	7554	11603	12748	15034
PAU7	915	1479	3489	587	1393	1167	783	1326	1280	597	1638	1606	968	770	575	837	1920	885
PAU8	1333	1271	3519	1075	1011	1361	1314	861	1338	1384	896	1722	3486	2828	2393	1771	2123	838
PBA1	107	294	101	38	144	59	47	245	96	60	176	104	305	284	174	181	427	150
PBI1	0	0	0	0	0	0	0	0	0	0	0	1	0	0	0	0	0	0
PBI2	199	138	80	289	122	60	203	37	34	290	137	132	1663	1240	1436	390	417	184
PBP1	29	150	158	60	118	69	23	110	85	85	120	99	470	377	410	70	90	38
PBS2	255	114	423	124	178	136	356	360	224	183	208	226	435	284	255	297	288	159
PCA1	549	1059	616	536	807	413	324	1056	275	529	1167	433	1027	1027	900	1115	1167	391
PCD1	10	15	12	4	15	2	18	20	0	9	13	4	23	29	18	14	6	6
PCH2	1441	924	1438	932	653	704	1135	820	660	1086	662	893	2143	1220	1722	1201	987	530
PCI8	630	101	147	194	55	20	237	103	52	260	59	76	639	506	437	159	231	104
PCK1	0	0	0	0	0	0	0	0	0	0	0	0	1	0	0	0	0	0
PCL1	1017	219	258	245	336	167	355	117	173	479	337	240	1356	1081	1055	365	343	181
PCL7	16865	11466	30839	14116	8905	11874	11375	4912	11394	14918	8732	21282	6386	4271	6532	13049	10749	8013
PCL8	532	811	437	413	349	333	532	412	453	444	444	467	2294	1868	1608	395	552	166
PCL9	103	148	504	107	167	111	172	108	53	150	154	273	605	540	599	146	179	82
PCP1	0	0	0	0	4	2	0	14	2	0	2	2	10	12	3	0	4	0
PCT1	855	154	160	97	108	48	244	180	111	113	187	109	829	697	640	179	193	75
PDA1	643	156	73	138	63	106	285	61	46	232	96	149	1983	1788	1378	297	402	152
PDC1	0	0	3	0	0	0	0	0	0	0	0	0	2	0	0	0	0	0
PDC5	726	151	61	163	226	29	350	290	2	154	177	76	1023	850	833	271	264	106
PDC6	6	2	12	2	0	0	6	2	4	8	0	2	18	18	16	6	4	2
PDE1	96	28	77	131	84	35	82	31	56	94	82	95	288	206	208	156	146	112
PDE2	908	1097	835	758	553	394	1088	556	390	828	524	499	2082	1335	1697	926	795	451
PDL32	21084	19318	38835	17234	14431	16899	15024	10543	15798	17892	13556	28823	10486	7598	10593	17300	16089	13206
PDP3	65	70	459	55	80	58	67	80	83	84	53	88	506	345	321	92	137	59
PDR1	0	0	0	0	0	0	0	0	0	0	0	0	0	12	0	2	0	0
PDR10	394	997	1263	414	582	302	294	423	503	390	488	503	737	519	435	362	697	324
PDR11	2445	1219	2979	2262	1475	1030	2068	1024	1060	2220	1271	1888	3189	1988	2543	2513	1747	1051
PDR15	167	310	147	68	183	44	61	207	72	107	170	95	605	415	486	138	175	94
PDR17	476	514	100	269	342	122	292	380	145	288	333	166	1750	1388	1287	406	379	199
PDR18	9904	9565	22184	9928	7944	10379	8066	5958	8836	10006	7364	16175	6129	4201	5847	9156	8311	7237
PDR3	0	32	2	0	2	0	0	0	4	0	6	0	0	0	0	0	0	0
PDR5	1567	1428	4592	5475	4771	5202	483	449	719	5444	3981	12488	2846	2040	3561	3466	3381	3968
PDR8	124	241	132	160	234	79	191	206	27	206	197	85	735	536	597	181	193	93
PDX1	2	63	1	2	22	25	0	49	48	1	47	63	149	183	77	56	135	56
PDX3	17	28	33	56	93	17	6	17	47	81	88	65	362	561	268	214	330	90
PEA2	25	96	31	451	416	207	20	13	11	494	450	309	1493	1316	1289	543	762	330
PEF1	170	239	228	61	91	115	116	124	140	63	129	111	340	262	245	140	150	47
PEP3	0	0	1	0	0	0	0	0	0	0	0	0	0	0	0	0	0	0
PEP4	209	13	230	103	24	74	54	0	44	180	29	69	497	343	330	123	142	56
PEP8	0	54	176	10	38	87	26	76	48	15	54	102	258	236	201	63	103	47
PER1	0	0	0	0	0	0	0	2	0	0	0	1	41	175	25	6	46	6
PES4	255	66	76	353	129	45	363	324	15	430	136	58	1194	951	858	357	264	151
PET100	0	0	0	0	1	0	0	0	0	0	0	0	51	49	20	2	14	10
PET117	0	0	0	0	0	0	0	0	0	0	0	0	0	0	0	0	2	0
PET122	0	0	0	0	1	2	0	0	0	0	0	0	70	57	16	2	12	3
PET123	1	0	0	0	0	0	0	0	0	1	0	0	38	81	16	14	12	6
PET127	73	41	99	21	64	35	43	30	69	29	30	39	343	356	307	103	109	70
PET130	0	0	0	0	0	0	0	0	0	0	0	0	11	14	15	4	2	0
PET18	0	0	0	0	0	0	0	0	0	0	0	0	0	0	1	0	0	0
PET309	0	0	0	0	0	0	0	0	0	0	0	0	14	28	3	0	0	0
PET54	11	89	32	87	49	23	27	109	2	89	98	29	1047	1002	567	134	286	87
PET9	0	0	0	0	0	0	0	0	0	0	1	0	0	0	0	0	0	0
PEX1	33	59	352	80	72	38	84	257	40	66	107	32	1695	1306	1085	361	332	193
PEX10	0	2	2	0	2	0	2	2	0	0	0	2	2	1	0	2	2	2
PEX11	425	101	199	159	103	59	190	267	20	199	95	62	624	460	471	114	138	69
PEX12	50	123	85	32	37	8	34	38	40	22	32	18	345	198	206	98	84	38
PEX13	3	0	2	0	4	0	6	3	2	2	0	7	19	18	22	10	16	2
PEX14	231	246	245	216	116	135	305	134	174	234	112	180	1147	854	865	281	302	166
PEX15	112	47	0	13	33	1	21	19	8	36	26	1	177	114	126	18	30	11
PEX18	534	1988	2714	329	1222	812	427	992	1020	317	1381	1097	685	640	424	598	1297	598
PEX2	392	179	198	194	127	90	239	175	147	276	136	104	1437	966	921	398	360	181
PEX21	180	282	475	156	157	167	161	270	237	162	222	247	688	339	374	262	289	145
PEX22	0	0	0	0	0	0	0	0	0	0	0	0	0	4	2	2	2	1
PEX25	112	84	230	156	88	80	187	121	143	168	107	139	709	517	538	169	200	69
PEX27	44	148	11	22	111	19	56	155	3	36	155	37	434	299	295	70	126	32
PEX28	5433	3368	9361	5617	3231	3638	4227	2239	3122	5411	2885	6318	3142	2266	2783	4204	3949	3493
PEX3	85	124	485	127	61	145	273	78	90	163	88	113	583	489	481	189	316	151
PEX30	45	20	61	54	54	25	62	11	46	67	51	36	494	425	374	107	165	48
PEX31	1564	556	476	938	304	323	1293	353	282	1029	373	321	1647	1010	1391	1289	929	407
PEX34	0	0	1	1	0	1	2	0	4	0	0	4	5	0	1	1	0	0
PEX35	313	483	274	185	218	143	328	118	203	290	211	157	1384	1002	992	310	313	145
PEX4	65	0	181	14	0	34	34	0	60	37	1	34	159	167	140	39	43	17
PEX5	548	206	234	163	267	74	500	400	126	188	131	114	1278	828	911	382	289	179
PEX7	0	0	3	2	2	2	0	0	0	6	0	2	43	39	12	0	5	0
PEX8	1737	2446	3838	1499	1590	2256	1539	1333	2283	1917	1850	2767	1713	1416	2142	3058	3428	2732
PEX9	20	231	259	181	264	186	114	191	247	174	357	241	914	731	701	216	204	97
PFA3	0	0	2	0	0	2	1	0	0	0	1	3	10	10	10	2	8	2
PFA5	1091	831	1701	1129	647	818	931	535	671	1206	719	996	1850	1153	1551	2005	1538	772
PFD1	2	0	0	2	0	0	0	0	1	0	0	0	2	0	3	0	11	2
PFF1	1273	1325	3167	1501	1117	1451	1085	1072	1085	1563	1146	2404	817	668	875	1723	1315	1130
PFK2	0	0	0	0	0	0	1	0	0	0	0	0	0	0	0	0	0	0
PFK26	285	188	109	78	88	40	144	135	21	132	114	97	214	141	123	110	98	32
PFK27	142	0	32	36	4	15	45	0	1	54	1	18	161	131	110	38	37	12
PFS2	0	0	0	1	0	0	0	0	0	0	0	0	0	0	0	0	0	0
PFU1	2338	4208	7414	1716	2695	2659	2247	2977	3006	1940	2863	4381	3277	2765	2022	2277	4007	1655
PGK1	0	0	0	0	1	0	0	0	0	0	0	1	0	0	1	0	0	0
PGM1	4	2	13	2	3	0	4	4	6	2	3	6	30	19	16	4	6	8
PGM2	53	8	21	92	47	34	120	15	47	96	70	73	372	228	256	171	141	65
PGU1	848	2204	3529	674	1582	1206	608	1624	1555	730	1699	1713	1514	1493	1019	971	1819	595
PHD1	5862	4478	25015	5298	4794	8170	6149	5266	11710	5737	5162	19599	1584	949	1737	2786	2907	4036
PHM6	1971	1732	3801	1427	878	1056	1852	1035	1380	1489	913	1560	3248	1965	2432	1472	1090	554
PHM7	121	7	258	123	2	77	105	19	142	143	4	115	397	345	349	103	113	54
PHM8	70	64	48	2474	1244	422	68	43	24	2565	916	961	1605	1151	1350	1272	1186	466
PHO13	317	273	824	113	132	160	153	174	90	167	172	305	1264	916	902	256	292	106
PHO2	0	1	0	3	0	0	28	28	0	4	0	0	336	216	243	115	69	22
PHO23	2	0	32	0	4	9	0	8	0	1	6	20	324	447	206	69	147	25
PHO3	337	233	324	192	152	205	259	89	179	278	141	304	988	751	641	212	290	111
PHO8	675	328	576	348	212	312	291	141	258	378	194	374	1184	739	869	321	269	115
PHO80	0	0	0	0	0	0	0	0	0	0	0	0	8	0	0	0	0	0
PHO84	1	8	32	32	6	34	19	10	43	26	24	76	763	567	643	195	272	88
PHO86	0	0	1	1	2	0	1	0	0	0	0	0	411	791	305	133	360	100
PHO87	637	588	711	1373	1249	644	513	470	447	1325	1100	1213	1689	1201	1443	1376	1222	541
PHO89	317	176	747	220	136	268	375	163	467	254	143	340	1586	1232	1138	318	318	166
PHO90	501	550	1126	463	442	427	666	444	595	486	507	535	588	516	386	390	589	328
PHO91	5646	5531	14486	6306	5129	6842	5752	3968	6647	6766	4982	8865	3642	2418	3770	6672	5320	4051
PHR1	1806	1475	2560	1443	1296	1324	1060	1107	912	1443	1272	2217	1279	878	1253	1410	1289	1132
PIB1	881	2733	3024	886	2161	1377	1275	2169	1748	906	1964	1777	1182	1156	780	1164	2652	996
PIC2	4	337	128	67	148	87	35	94	34	77	180	141	369	319	381	156	186	102
PIG1	99	334	207	276	188	190	123	224	170	266	232	290	2225	1597	1705	606	615	319
PIG2	1038	979	1957	497	531	648	577	376	609	584	407	695	1715	1266	1415	775	1080	386
PIH1	16	161	0	8	64	2	19	44	0	17	18	0	122	260	73	74	243	39
PIL1	95	1460	422	224	986	267	198	1062	228	224	1008	399	325	615	261	250	1199	203
PIN2	0	0	0	0	0	0	0	0	0	0	0	1	2	2	2	0	0	0
PIP2	0	0	1	0	0	0	0	0	1	0	0	0	0	0	0	0	0	0
PIR1	319	38	428	176	85	131	194	31	110	147	71	148	755	583	633	179	223	75
PIR3	76	76	120	56	45	41	6	98	75	52	33	80	502	368	359	109	141	57
PIR5	511	293	970	665	432	526	750	183	352	655	481	524	912	520	798	847	572	315
PKH1	0	0	0	0	0	0	0	0	0	0	2	0	0	0	0	0	0	0
PKH2	118	0	0	13	0	1	8	0	0	16	1	0	68	90	75	7	14	8
PKH3	0	0	0	0	0	0	0	0	2	0	0	0	0	0	0	0	0	0
PKP1	0	0	0	0	0	1	0	0	0	0	0	0	0	0	0	0	0	0
PLB1	119	131	81	106	148	19	220	82	53	121	62	73	592	359	474	145	147	101
PLB2	8849	7614	15359	6601	5526	7266	5595	3219	6534	6985	5305	11459	4383	3431	4575	7742	6955	5013
PLB3	85	412	30	135	82	23	157	92	24	112	102	29	510	373	448	131	170	69
PLC1	0	0	3	0	1	2	0	0	0	5	0	0	30	58	36	31	21	25
PLM2	178	230	274	122	168	101	107	145	155	173	123	173	761	583	554	168	218	80
PLN1	983	2166	4305	567	1505	1344	778	1344	1535	678	1506	1718	872	899	568	899	1846	839
PLS1	5950	1745	7477	3421	1622	2044	6397	2401	3096	4581	1504	4143	7220	4880	5801	2373	2084	1047
PMA2	634	374	1658	411	374	397	497	344	457	483	338	464	2423	1701	1854	596	594	230
PMD1	334	225	233	175	162	84	420	172	133	359	154	149	636	662	509	219	398	128
PMI40	0	0	0	0	0	0	0	0	0	0	0	1	0	0	0	0	0	0
PML1	276	44	44	270	40	73	240	41	79	305	55	188	683	524	626	140	188	76
PML39	1875	1749	2460	1210	1402	1253	2147	1154	1525	1699	1466	1145	1353	878	977	1295	1448	647
PMP2	172	116	82	195	56	69	115	95	95	190	130	122	863	615	648	146	225	93
PMP3	26	41	753	12	4	548	15	0	167	13	21	827	8	20	17	27	42	36
PMS1	4421	7941	7785	5729	9638	5002	3729	5454	3608	5108	9832	7037	856	972	1057	4712	9838	5052
PMT1	122	73	2	144	28	0	125	71	0	113	52	0	378	349	302	90	123	29
PMT2	98	77	229	78	77	103	113	87	48	105	66	139	1027	763	785	329	293	121
PMT3	0	0	0	0	0	0	0	1	0	0	0	0	6	6	2	4	0	0
PMT5	367	297	261	4751	6496	1971	199	180	138	4280	4844	5044	4493	3457	4214	4702	6271	2636
PMT6	928	1131	984	899	907	754	1865	876	939	1019	978	1156	3060	1751	2189	1384	1146	626
PMT7	617	914	375	314	340	160	345	595	340	367	392	439	1626	1219	1226	409	391	174
PNG1	996	3238	3114	938	2243	1942	1331	2044	2427	834	2031	2106	1288	1218	896	1114	2768	1063
PNO1	0	0	0	0	0	0	0	0	0	1	0	0	0	0	0	0	0	0
PNP1	977	297	1041	896	167	485	1379	223	528	1186	230	514	1581	1027	1332	870	611	401
PNT1	42	60	17	12	19	2	23	8	6	16	20	8	137	71	67	31	24	21
POA1	91	245	194	156	177	115	117	108	190	169	215	190	1110	815	775	213	195	105
POC4	0	0	0	2	0	0	0	0	1	8	0	0	66	118	51	30	87	9
POF1	7	29	12	170	429	128	1	27	10	187	410	189	997	759	767	520	474	272
POG1	587	1101	2020	606	747	749	888	922	585	899	1095	878	1957	1769	1454	895	1008	581
POL2	0	0	0	0	0	0	0	0	0	0	0	0	0	0	0	1	0	0
POL32	375	84	44	114	49	19	154	6	23	154	41	72	475	379	288	121	111	45
POM152	0	16	123	96	45	87	37	5	43	61	31	83	545	427	471	117	151	78
POM34	27	4	37	32	63	25	37	8	62	45	25	2	247	241	172	42	48	29
POP2	0	0	0	0	1	0	0	0	0	1	0	0	53	29	24	8	2	2
POR2	33	50	31	116	64	46	140	89	19	145	77	38	609	514	531	120	140	56
POT1	282	383	384	112	182	156	157	140	218	132	168	310	533	373	408	176	156	69
PPA2	0	0	0	0	0	0	1	0	0	0	0	0	14	20	6	2	4	0
PPE1	588	720	2645	333	579	780	549	520	1058	427	585	849	1040	726	718	617	1108	512
PPG1|URK1	0	0	0	1	0	0	0	0	0	0	0	0	0	0	0	0	0	0
PPH21	527	565	654	174	255	201	272	337	299	284	271	308	617	555	351	494	625	202
PPM1	25	35	221	51	4	88	73	8	67	77	10	36	488	409	378	62	105	64
PPM2	96	120	464	192	148	117	155	38	152	232	194	175	964	813	694	212	265	128
PPN1	0	0	2	0	0	0	0	2	0	0	2	1	3	3	2	0	0	2
PPN2	0	0	1	0	0	0	0	0	0	0	0	0	0	0	0	0	0	0
PPS1	1143	594	232	224	218	263	345	287	294	290	232	328	594	597	550	311	342	118
PPT1	178	40	178	177	99	75	217	102	161	210	99	241	316	163	207	218	176	106
PPZ1	31	8	1	26	49	8	17	13	18	18	61	1	227	162	151	56	95	12
PPZ2	487	339	773	311	129	142	408	378	162	370	199	140	1697	871	974	548	377	168
PRD1	107	8	86	121	35	26	180	20	31	144	46	11	596	448	458	143	115	47
PRE4	0	0	0	0	0	0	1	0	0	0	0	0	0	0	0	0	0	0
PRE9	0	0	0	0	2	0	0	0	0	0	2	0	0	16	7	0	0	8
PRK1	337	559	253	313	292	124	374	366	183	286	303	135	1437	1034	963	320	285	154
PRM1	116	419	276	145	187	129	182	272	185	218	250	158	1156	757	825	301	254	125
PRM10	440	591	254	319	414	361	511	403	475	459	395	589	798	426	680	574	473	265
PRM15	186	173	361	117	88	110	200	77	93	199	124	84	1105	826	704	228	270	115
PRM2	0	0	0	0	0	0	0	0	0	2	0	0	0	2	0	0	0	0
PRM3	0	0	0	0	0	0	0	0	0	0	0	0	0	0	0	0	1	0
PRM4	9	20	0	6	17	13	2	28	8	5	22	1	142	100	74	30	26	22
PRM6	80	221	274	80	151	153	46	115	132	128	153	259	812	587	586	172	241	67
PRM7	108	208	933	94	144	70	144	165	86	137	180	185	724	500	552	168	142	52
PRM8	0	0	0	0	0	0	0	0	0	1	0	0	0	0	0	0	0	0
PRM9	373	548	619	439	556	346	342	247	138	584	489	513	1401	1184	1072	538	666	274
PRP2	0	0	0	1	0	0	0	0	0	0	0	0	0	0	0	0	0	0
PRP46	0	0	0	0	0	0	0	0	0	0	0	1	0	0	0	0	0	0
PRR1	71	1225	683	183	754	273	236	912	293	238	654	290	564	488	426	381	703	267
PRS3	0	0	2	0	0	0	0	0	0	0	0	0	6	25	0	0	2	0
PRS5	0	0	1	22	10	0	12	4	0	14	8	1	103	61	44	20	22	1
PRY1	331	106	92	167	91	28	143	90	77	93	150	31	634	519	451	169	162	49
PRY2	956	5085	4729	1101	2842	1807	1276	2526	1985	1058	3039	2130	1277	1127	892	1430	3267	990
PRY3	455	1391	880	231	335	539	543	732	679	321	337	955	864	709	693	313	324	106
PSD1	35	338	270	82	93	75	36	144	60	86	130	56	662	614	498	147	122	59
PSD2	7	6	108	559	546	228	12	4	32	625	455	529	856	735	794	546	532	219
PSG1	62	58	17	19	15	64	9	2	59	42	33	67	326	239	224	76	109	43
PSH1	41	43	4	89	65	52	34	23	45	101	57	36	430	365	337	129	122	51
PSK1	1298	3104	4596	1230	2915	1883	1372	2809	2310	1425	3222	2615	1609	1474	996	1476	3734	1342
PSK2	482	633	1047	254	465	646	384	299	727	304	428	616	834	705	674	586	736	423
PSO2	1550	872	1167	918	512	405	1538	641	648	1037	577	828	2284	1269	1606	971	724	516
PSP1	149	35	12	70	81	83	132	41	190	149	44	61	666	466	548	96	159	52
PSP2	1	26	174	3	44	49	2	19	42	17	29	58	410	360	267	39	72	16
PSR1	790	606	893	887	523	563	1115	648	670	910	566	603	1068	730	873	567	763	301
PSR2	1224	651	734	889	479	429	1084	553	413	1053	571	794	2153	1685	1932	1114	833	378
PST1	67	175	440	62	29	83	138	50	129	113	97	163	559	436	382	102	137	62
PSY1	196	874	317	209	517	194	121	583	172	188	669	404	323	305	189	190	647	155
PSY3	1048	2926	3230	1057	2349	1798	1175	1248	1827	1132	2257	2456	1573	1107	1091	1304	2070	976
PTC1	0	0	0	0	1	0	0	0	0	0	0	0	22	8	2	0	2	2
PTC2	755	605	3029	616	339	876	1220	387	1206	1073	437	1152	3888	2705	3266	1611	1325	685
PTC4	96	426	606	77	202	224	83	103	230	129	279	420	738	506	582	195	203	75
PTC6	1008	657	387	373	298	202	810	680	361	483	354	390	1507	1099	1232	486	475	248
PTC7	0	0	0	0	0	0	2	0	0	0	0	0	2	0	2	0	0	0
PTH1	0	0	0	0	0	0	0	0	0	0	0	0	6	0	0	0	0	0
PTH4	237	263	499	33	185	118	32	223	230	59	103	178	601	375	394	129	132	44
PTK1	1985	2056	3025	3022	2392	1727	2058	1203	2043	2973	2231	3172	3842	2145	3311	3426	2975	2046
PTK2	0	49	0	22	46	4	35	61	2	29	72	2	365	332	257	77	141	60
PTM1	368	137	20	244	131	139	533	119	156	340	158	181	743	602	478	162	141	78
PTP1	52	26	118	1566	440	692	50	6	66	1487	396	1465	1974	1400	1599	980	883	409
PTP2	48	151	40	65	41	46	4	0	11	67	26	100	499	396	343	117	115	49
PTP3	490	275	838	309	323	344	403	206	416	303	283	368	588	520	444	449	571	224
PTR2	2	6	38	11	13	6	25	12	20	11	20	23	105	66	65	11	24	6
PUB1	2	8	35	23	19	3	2	10	6	18	13	2	195	253	236	45	84	43
PUF2	1696	1663	3612	939	1327	1372	1181	1192	1789	1036	1336	1784	1591	1297	1170	1514	1766	834
PUF3	7905	5128	6461	6375	4019	2926	6449	3686	4286	7115	4009	4155	1884	1232	1526	5000	4495	2175
PUF6	27	0	2	15	1	33	2	0	12	8	0	54	156	173	106	18	32	9
PUG1	0	0	0	0	24	1	0	0	0	0	20	0	4	40	13	3	6	2
PUL4	743	1285	1474	584	1039	722	707	1156	820	815	990	1197	1077	981	712	865	1722	719
PUN1	1030	2035	2783	777	1560	1080	827	1806	997	935	1851	1559	1265	1090	800	1091	2365	868
PUP3	0	0	0	0	0	0	0	0	0	0	1	0	0	0	1	0	0	0
PUS4	1243	859	1293	1033	882	621	1020	790	684	960	900	771	1734	1110	1267	1317	1383	625
PUS5	2491	4099	6887	2169	3812	3360	2480	3248	3874	2495	3699	4508	1911	1500	1554	2382	3711	2005
PUS6	113	199	0	102	82	0	56	22	1	126	93	3	393	390	334	102	125	59
PUS7	0	0	0	1	0	0	2	0	2	2	0	3	6	0	10	2	0	0
PUS9	15	37	652	29	67	60	2	66	113	25	77	74	730	618	624	162	176	132
PUT1	434	137	152	117	110	86	158	86	157	166	110	79	714	591	407	114	162	67
PUT2	2683	3913	5756	1689	3270	2684	2539	2962	2975	2356	2981	3528	2872	1870	1901	2152	3626	1410
PUT3	1394	17	65	46	27	41	82	44	130	86	47	54	524	410	434	133	119	59
PUT4	147	150	119	187	82	59	439	24	72	272	92	58	615	555	529	216	190	99
PXA1	14	33	86	29	60	29	80	30	85	36	32	27	317	275	281	89	107	61
PXA2	57	34	232	60	51	79	52	77	135	77	20	104	607	478	472	172	165	61
PXL1	0	47	15	1	99	26	0	92	5	3	87	37	257	185	193	44	87	24
PXP1	440	698	243	245	440	88	1189	597	175	351	425	175	1500	1111	1147	372	403	191
PXP2	7	12	6	2	12	7	6	12	15	6	19	2	76	50	37	11	4	12
PXP3	3238	2923	8145	3042	2405	3704	1761	1941	3216	3329	2372	6244	2041	1549	2048	3320	3258	2454
PXR1	0	0	0	0	0	0	0	0	0	0	0	0	0	0	1	0	0	0
PYC2	317	292	1289	300	244	335	301	254	337	363	238	310	1098	778	849	265	294	170
PYK2	99	327	104	134	86	53	200	111	51	127	54	81	577	461	428	123	156	66
PYP1	263	412	420	228	363	108	319	256	106	345	438	135	1173	872	841	303	305	134
QCR10	126	1134	1831	280	960	728	357	1208	1038	316	970	1325	898	829	604	724	1146	379
QCR7	0	0	0	0	0	0	0	0	0	0	0	0	21	39	16	2	2	0
QCR8	0	0	0	0	0	0	0	0	0	1	0	0	4	16	2	2	0	1
QCR9	0	0	0	0	0	0	0	0	0	0	3	0	0	0	0	0	0	0
QDR1	2187	1253	2052	1388	979	792	1154	882	1201	1537	928	1422	1026	595	745	1529	1184	574
QDR2	53	9	18	12	24	9	41	1	4	17	19	2	182	171	115	30	43	23
QDR3	1	5	25	12	16	9	45	20	6	40	31	15	210	210	206	45	42	15
QRI5	0	0	2	0	2	0	0	4	0	0	12	0	23	46	11	0	0	0
QRI7	0	0	0	0	0	0	0	0	0	0	0	0	18	33	24	2	4	0
RAD10	3	1	5	2	3	3	0	2	5	3	1	5	31	38	7	2	2	3
RAD14	0	0	1	0	4	0	0	2	0	0	0	0	0	0	0	0	0	0
RAD16	2555	1329	5616	2009	1333	1332	2533	1649	1839	2346	1436	3404	1539	935	1149	2198	2128	2138
RAD18	1	0	0	42	1	15	35	0	1	27	0	93	277	232	146	104	115	66
RAD2	1272	1577	1661	798	1029	1139	1352	1125	1514	1010	1048	1377	2132	1994	1393	1328	1888	698
RAD24	6	0	0	3	0	0	0	1	0	18	0	0	2	0	1	2	2	0
RAD26	948	972	708	991	712	661	661	504	215	1026	760	808	1996	1507	1720	1191	1164	469
RAD27	2	14	10	20	51	28	0	26	32	6	54	3	301	291	214	67	112	28
RAD28	327	10	264	488	211	99	240	5	61	648	218	117	1255	921	1012	290	268	135
RAD33	106	626	319	60	272	167	74	344	201	86	281	194	274	286	188	278	725	268
RAD34	133	146	80	162	136	111	37	22	17	245	201	183	981	797	849	242	291	116
RAD4	79058	86729	360104	69259	73931	177307	78020	74239	183748	76185	79248	313373	14271	11155	19797	32956	37926	42351
RAD5	96	172	7	120	42	7	108	72	0	183	71	1	417	335	295	128	188	66
RAD51	76	111	197	73	45	27	70	65	33	54	46	61	208	144	115	151	209	102
RAD52	35	12	14	21	16	10	12	125	15	25	14	10	184	153	90	74	157	62
RAD54	0	14	1	53	39	2	3	58	0	30	27	3	325	288	195	73	123	21
RAD55	25	39	12	18	34	35	26	6	66	21	38	68	214	238	199	83	152	53
RAD57	66	314	418	101	188	120	28	222	157	97	178	260	250	323	210	282	954	266
RAD59	384	1648	2733	355	1296	782	404	907	685	477	1282	1155	692	773	565	862	1748	753
RAD61	539	2704	3429	935	1864	1683	802	1464	1919	964	1806	1852	1252	1122	928	966	2241	806
RAD7	63	32	56	42	39	15	48	46	22	47	36	21	270	150	156	36	39	33
RAD9	0	1	0	2	0	0	2	0	2	1	1	0	0	0	0	2	0	6
RAI1	0	0	0	0	0	0	0	0	0	0	0	0	4	2	0	0	0	0
RAM1	0	0	0	0	2	0	0	0	0	0	0	2	6	6	2	4	2	2
RAS1	40	57	28	689	869	367	13	5	18	654	829	685	1571	1022	1443	1298	1129	462
RAS2	426	238	1140	351	337	444	176	238	299	327	326	553	451	167	354	394	332	276
RAV1	22	17	0	67	14	12	3	0	48	68	35	13	264	245	220	64	73	48
RAV2	56	14	114	26	4	14	69	10	50	18	9	28	174	87	98	44	38	39
RBD2	342	123	608	303	126	188	313	99	227	296	107	310	1016	779	785	320	307	110
RBG1	684	346	876	516	391	446	711	225	457	704	261	594	1908	1234	1418	914	659	396
RBG2	1496	443	1913	528	169	407	834	173	431	618	225	469	799	538	609	637	441	248
RBH1	1277	1227	1949	826	585	923	1228	526	981	1046	604	1341	3336	1831	2380	1356	1102	648
RBH2	0	0	2	1	1	0	1	0	0	1	1	1	0	2	0	1	3	2
RBK1	20	28	48	18	24	19	19	30	29	19	21	36	406	340	322	70	74	25
RBL2	2	116	160	38	66	69	82	47	60	45	50	41	371	336	285	93	119	36
RBS1	576	106	218	484	97	82	422	124	169	451	96	210	1324	864	981	326	214	142
RCE1	101	131	90	364	329	192	246	32	273	428	212	234	1406	873	1082	391	317	137
RCF1	0	2	0	2	0	0	2	0	0	2	0	0	3	15	2	4	0	0
RCF2	2	0	0	13	0	1	17	2	0	31	0	0	25	22	5	4	6	9
RCH1	0	0	187	0	0	0	0	0	8	1	0	23	66	119	46	10	27	5
RCI37	15858	11522	28564	12680	9005	13477	11872	6389	11512	13966	9081	21444	9754	7162	9592	13945	12515	9313
RCI50	74	355	220	36	144	177	17	390	223	47	159	159	816	632	691	304	340	102
RCK1	14	0	6	3	4	0	0	0	4	3	4	3	2	2	4	0	2	2
RCK2	0	0	0	0	0	0	0	0	0	0	0	0	4	0	2	0	0	0
RCM1	1258	1044	1277	1027	823	664	1571	1050	490	1135	720	913	1645	1104	1034	1095	966	456
RCN2	0	0	0	4	0	0	0	0	0	0	0	0	0	2	0	0	0	0
RCO1	469	165	490	420	120	274	594	118	296	507	187	544	675	401	574	695	455	349
RCR1	263	370	441	210	264	126	354	413	236	220	332	270	334	305	166	192	407	129
RCY1	2	23	1	11	31	4	6	25	0	13	16	6	181	207	105	37	57	20
RDH54	3	25	16	15	31	32	10	8	53	29	20	32	137	133	98	35	35	22
RDI1	0	0	0	0	0	0	0	0	0	1	0	0	0	0	0	0	0	0
RDL1	239	259	904	532	438	312	718	159	350	452	326	538	599	387	394	567	423	230
RDL2	90	67	102	1410	849	606	47	25	44	1357	784	1467	2270	1626	1943	1312	1247	578
RDR1	64	27	113	114	79	26	112	35	65	118	35	94	546	389	343	45	99	64
RDS2	160	493	214	168	117	125	269	90	232	252	90	136	1016	741	847	220	249	106
REC104	6	4	133	2	21	23	4	33	27	8	43	63	44	28	22	11	42	37
REC114	62	158	18	142	61	18	157	22	63	159	80	34	581	453	445	149	105	79
REC8	361	0	37	97	1	43	171	0	84	237	2	82	427	340	342	134	124	60
RED1	1140	342	573	438	323	400	500	213	383	396	329	612	1249	904	1093	734	538	260
REE1	59	340	481	98	275	180	119	336	232	102	295	339	308	333	198	170	395	132
REF2	0	0	0	0	0	0	0	0	0	0	0	0	3	6	4	0	2	0
REG1	1	0	0	1	50	22	0	6	1	0	55	38	571	904	353	219	321	46
REG2	180	19	57	140	28	26	82	4	20	105	11	28	327	194	281	79	86	31
REH1	2	179	217	2	44	32	0	87	42	5	85	50	464	385	375	126	114	69
REI1	0	0	0	0	1	0	0	0	0	1	1	0	49	130	31	8	24	11
RER1	858	164	496	129	163	95	255	126	82	166	165	193	818	748	642	238	307	154
RET2	0	0	0	1	0	0	0	0	0	0	0	0	0	0	0	0	0	0
REV1	0	0	2	0	0	0	0	0	0	0	0	0	0	0	0	0	0	0
REV3	726	695	1037	489	494	438	667	572	470	623	484	505	2856	2162	2135	671	700	336
REV7	0	0	0	0	1	0	0	0	0	2	0	0	2	0	2	0	0	1
REX3	1154	289	1211	464	357	249	686	402	396	495	331	375	1524	1200	1074	297	419	170
REX4	123	107	93	160	54	98	149	62	98	161	34	159	545	422	423	186	127	69
RFA2	0	0	0	0	0	0	0	0	0	0	0	0	0	0	0	1	0	0
RFC1	0	0	0	0	0	0	0	0	0	0	0	1	0	0	0	0	0	0
RFM1	234	31	1	123	25	6	111	65	1	152	28	43	376	267	330	88	96	51
RFS1	29	38	7	53	21	34	57	41	32	61	28	70	304	184	239	58	51	34
RFU1	0	0	0	0	0	0	2	0	0	1	0	0	2	2	0	0	0	0
RFX1	346	323	486	570	343	399	325	147	257	554	256	561	539	394	564	642	566	248
RGA1	0	0	1	0	0	0	0	0	0	0	1	0	0	0	0	0	0	0
RGA2	335	94	82	181	125	86	98	74	74	177	97	122	595	411	452	160	158	92
RGD1	139	100	131	102	26	113	263	90	148	167	21	200	631	521	376	117	174	47
RGD2	1156	628	866	653	341	635	1351	447	544	879	323	637	2305	1187	1727	1072	821	476
RGD3	135	126	467	132	176	156	218	99	167	236	159	323	859	706	630	274	344	137
RGI1	357	282	558	233	191	213	247	220	245	243	224	317	534	327	412	269	204	94
RGI2	408	246	275	181	210	89	377	206	163	232	217	188	608	446	365	257	265	123
RGM1	202	303	619	133	229	131	280	242	90	148	282	93	430	486	422	158	360	94
RGP1	191	60	75	94	51	120	167	31	126	131	75	223	1121	838	827	238	293	116
RGS2	43	102	540	130	263	223	158	151	137	191	260	339	897	541	726	278	243	143
RGT1	1	123	0	0	85	10	0	218	8	7	158	7	360	269	202	79	95	29
RGT2	0	0	2	0	2	0	0	0	0	2	0	0	0	2	0	0	0	0
RHB1	266	81	245	129	91	141	128	63	199	203	120	140	330	325	294	331	506	140
RHO2	376	752	872	284	505	583	384	419	603	243	586	418	419	393	227	348	1154	319
RIB4	0	0	1	0	0	0	0	0	0	0	0	0	0	0	0	0	0	0
RIC1	0	0	83	1	7	31	1	1	73	2	3	47	187	172	144	57	65	13
RIE1	7355	3578	8637	4986	2922	3926	4036	2147	3397	5685	3061	6322	5019	3231	4984	5331	3987	3336
RIF1	0	46	19	3	30	11	0	15	21	6	22	27	194	122	127	46	38	22
RIF2	1411	1891	2863	774	1560	1592	878	1451	1541	885	1684	2261	1192	1172	827	1053	2224	819
RIM101	246	29	563	441	171	321	98	52	286	349	152	435	4213	2844	3304	1099	1125	530
RIM11	415	329	202	298	496	87	329	156	70	286	468	108	604	468	436	374	454	173
RIM13	182	0	353	171	24	98	181	0	90	197	8	116	668	502	614	187	112	92
RIM15	5528	9110	17876	6764	8346	8386	5190	7630	8575	6323	8103	12765	8145	5111	7342	7664	7329	4960
RIM20	28	85	43	86	78	58	11	7	49	104	79	72	1241	889	1027	235	228	150
RIM21	17	23	129	67	36	81	5	1	63	54	36	29	980	637	777	201	162	107
RIM4	546	804	2157	446	795	632	421	726	663	445	805	858	577	376	311	408	1030	442
RIM9	25	40	87	66	55	33	2	16	42	49	29	86	444	347	341	57	65	34
RIP1	0	0	0	0	0	1	0	0	0	0	0	0	4	0	12	2	2	2
RKM1	419	400	376	182	337	228	343	311	325	278	289	297	1745	1398	1468	507	455	217
RKM2	0	0	0	0	0	1	0	0	0	0	0	0	0	0	0	0	0	0
RKM3	2	21	0	30	27	0	1	19	0	24	13	1	146	133	90	18	26	21
RKM4	161	219	420	143	259	129	171	327	105	116	204	277	927	932	584	624	1087	348
RKM5	132	81	18	238	88	16	103	62	12	204	77	27	475	377	363	69	111	56
RKR1	852	103	168	241	188	121	222	157	174	353	156	104	1035	858	778	268	242	91
RLM1	1831	1247	1929	1445	1087	794	1524	594	674	1540	937	960	1183	698	953	1482	1187	591
RMA1	143	70	186	57	60	23	75	55	20	107	44	32	362	247	262	66	125	76
RMD1	0	0	31	0	3	42	2	1	15	1	1	35	45	70	32	2	12	2
RMD5	25	95	120	83	93	57	47	77	63	87	97	91	397	227	300	265	293	199
RMD6	144	150	483	4145	2597	2399	100	29	135	3552	2302	6179	3831	2246	3233	3161	3034	1978
RMD9	0	16	0	0	15	0	0	0	0	0	16	0	14	19	15	0	8	2
RME1	2534	1868	4499	2657	1865	1693	1708	818	1502	2323	1818	3669	1137	864	1292	2366	1946	1744
RMR1	2	0	0	0	0	0	0	0	0	0	2	0	0	0	0	0	0	0
RNH201	484	383	779	803	446	349	528	151	385	799	436	787	876	575	619	851	726	447
RNH202	0	0	0	1	0	0	0	0	0	0	0	0	0	0	0	0	0	0
RNH203	765	709	926	363	514	328	515	434	520	494	433	531	1507	1093	1278	479	532	241
RNH70	526	1022	1828	679	1094	840	635	973	892	628	1047	1119	1648	1113	941	967	1148	665
RNP1	228	635	1141	168	461	401	438	899	358	254	402	465	428	402	317	197	732	302
RNQ1	0	0	0	0	0	0	0	0	0	0	0	0	0	0	1	0	0	0
RNR3	864	1089	703	3390	2718	1058	919	407	353	3382	2331	1927	2766	2001	2393	3001	3168	1463
ROD1	130	246	246	104	119	57	137	158	97	174	131	51	976	786	770	264	216	105
ROF1	41	38	110	1118	728	484	38	29	15	1067	760	1217	1438	772	1053	1044	890	617
ROG3	680	228	70	383	89	47	573	122	68	459	126	95	1018	747	730	262	217	83
ROM1	28	2	25	12	10	7	8	2	14	14	0	23	3	6	12	13	18	20
ROQ1	3669	1214	3605	1925	1367	1626	3006	1393	2438	2227	1377	2435	3061	1849	2434	2069	1631	1017
ROT2	6	131	177	74	118	45	35	189	135	133	92	47	690	536	402	172	227	64
ROX1	573	247	1312	216	189	166	543	360	314	351	158	392	959	758	609	394	370	123
ROY1	309	140	720	303	204	135	151	245	325	347	185	144	1443	1031	1106	300	353	95
RPA12	0	0	49	0	1	16	1	0	3	1	1	10	246	295	198	26	64	17
RPA14	232	103	238	76	22	63	118	128	98	113	34	79	617	526	478	161	164	68
RPA34	174	7	106	137	14	105	58	26	7	142	8	147	695	689	493	192	290	55
RPB9	0	0	0	0	0	0	0	0	0	0	0	0	15	16	2	0	2	0
RPC34	0	0	0	0	0	0	0	0	0	1	0	0	0	0	0	0	0	0
RPE1	1	20	1	0	0	0	1	3	2	0	2	0	110	96	53	12	12	4
RPF2	0	0	1	0	0	0	0	0	0	0	0	0	0	0	0	0	0	0
RPG1	0	0	0	0	0	0	0	0	0	0	1	0	0	0	0	0	0	0
RPH1	0	0	0	0	2	0	0	0	0	1	2	0	2	12	8	0	0	2
RPI1	119	104	134	115	71	69	174	141	133	112	98	84	758	460	531	180	123	68
RPL11B	27	250	182	26	94	14	14	86	32	29	148	31	196	178	136	79	254	101
RPL12A	0	0	0	0	2	0	1	0	0	3	0	0	53	111	27	8	14	4
RPL12B	101	587	206	104	298	49	257	132	36	131	239	66	447	470	305	608	1583	404
RPL13A	2	55	68	10	20	3	275	54	13	16	14	12	319	399	203	80	153	31
RPL13B	0	0	0	0	0	0	0	0	0	0	0	0	8	14	6	2	6	0
RPL14A	0	0	0	0	1	0	0	0	0	0	0	1	34	84	30	0	7	6
RPL15B	147	8	181	39	21	93	119	36	127	64	28	122	510	336	406	128	127	52
RPL16A	383	1787	1138	237	466	735	613	284	896	393	516	677	601	574	592	717	1232	610
RPL16B	0	0	0	0	0	0	1	1	1	0	0	0	79	71	37	3	15	2
RPL17B	196	447	756	329	454	343	302	239	208	450	398	636	1082	999	1078	1353	1875	843
RPL18B	110	98	77	93	130	65	126	116	93	106	150	151	625	441	422	146	194	64
RPL19A	0	0	0	0	0	0	0	0	0	1	0	0	6	8	3	0	2	0
RPL1A	1740	1517	2295	1039	812	932	1961	996	1238	1280	854	1404	3807	2238	2941	1833	1279	715
RPL20A	0	0	0	0	0	0	0	0	0	0	0	1	14	24	2	3	0	0
RPL21A	0	0	2	0	0	0	2	2	1	0	0	0	69	84	45	2	8	16
RPL21B	61	419	164	41	180	50	18	68	65	64	142	87	435	486	275	218	553	116
RPL22B	191	248	121	55	84	27	61	67	60	51	95	48	583	479	400	139	143	63
RPL24B	1	25	1	5	15	0	13	12	0	14	18	0	138	123	94	36	82	18
RPL26A	23	43	1	54	32	3	53	63	11	66	17	2	206	202	161	88	109	26
RPL26B	6	38	6	84	52	42	0	9	12	31	31	33	266	261	140	63	93	35
RPL2A	52	171	9	28	115	35	41	47	10	24	62	49	398	425	306	140	208	88
RPL31B	125	5	0	69	50	17	20	1	11	63	38	33	279	220	202	108	124	51
RPL33B	2	0	2	3	0	0	0	0	0	0	0	0	2	2	4	0	0	0
RPL34A	0	6	0	0	22	6	0	0	0	2	12	2	114	80	74	31	22	2
RPL34B	758	434	365	478	464	141	917	463	259	551	468	325	831	741	598	1134	1610	623
RPL35A	128	19	189	61	53	83	45	4	61	95	47	132	625	491	438	112	145	62
RPL35B	2	0	0	2	1	18	0	2	7	6	11	2	100	184	74	21	55	10
RPL36A	0	1	1	14	7	1	4	14	0	13	15	3	249	218	184	38	54	28
RPL37B	1	0	0	2	3	1	0	0	1	0	0	1	108	160	63	14	26	6
RPL38	143	348	818	95	246	359	198	273	412	135	220	417	692	800	476	313	643	157
RPL40A	155	406	442	274	223	241	242	276	283	374	342	137	594	617	466	719	731	199
RPL40B	112	2	8	56	25	33	32	8	17	59	24	9	353	287	270	93	113	43
RPL41A	481	465	681	206	267	243	434	133	247	383	281	430	1888	1608	1372	449	410	232
RPL41B	256	772	721	150	694	347	120	520	474	143	676	352	559	516	349	458	1169	449
RPL43A	0	0	0	0	0	0	0	0	0	2	0	0	14	17	6	0	0	0
RPL43B	1357	892	1082	940	688	633	629	316	438	846	762	1129	2308	1458	2085	2311	2003	1043
RPL4A	24	0	0	4	0	2	0	0	2	7	2	7	24	36	27	11	14	2
RPL6A	0	0	1	0	4	0	0	0	0	0	4	1	233	263	123	61	52	17
RPL6B	1	38	1	0	20	0	6	16	0	0	2	1	89	207	61	64	142	39
RPL8A	63	34	130	3	50	26	12	70	0	13	59	43	423	447	276	206	444	157
RPL9A	1	114	37	45	64	49	0	12	51	31	52	115	414	647	259	167	437	64
RPL9B	1	0	0	0	0	0	0	0	0	0	0	0	1	0	0	0	0	0
RPN10	0	0	0	0	0	0	0	0	0	0	1	0	0	0	2	2	0	0
RPN13	2003	5305	6086	1902	3581	2505	2177	3459	2945	1950	3746	3858	2232	1805	1660	2438	5198	2169
RPN4	157	174	83	380	460	80	132	22	23	385	381	230	555	651	508	775	1337	478
RPP1A	0	0	0	0	0	1	0	0	0	0	0	1	7	2	2	2	2	0
RPP1B	46	147	109	100	147	34	105	131	61	94	158	152	595	568	392	493	733	290
RPP2A	81	70	548	78	138	50	54	89	156	133	107	127	572	500	470	223	244	92
RPP2B	0	0	0	0	0	0	0	0	1	0	0	0	0	0	0	0	0	0
RPR2	0	0	2	0	0	0	0	1	1	0	0	0	0	1	0	1	0	0
RPS0A	6	1	2	52	31	1	4	4	0	48	47	0	582	655	405	294	437	195
RPS10A	0	0	0	0	0	0	0	0	0	1	0	0	0	0	0	0	0	0
RPS10B	0	49	1	3	24	12	2	0	6	2	70	24	237	243	180	40	80	26
RPS11A	0	0	0	0	0	0	0	0	0	0	0	0	0	2	2	0	0	0
RPS12	0	0	0	0	0	0	0	0	0	0	0	1	0	0	0	0	0	0
RPS14A	1	2	5	26	6	56	0	0	19	33	9	103	276	225	155	53	45	9
RPS14B	4101	4040	11830	4139	3325	4764	3037	2339	4915	4190	3005	8559	2230	1614	2392	4825	4106	3334
RPS16A	0	0	2	2	1	0	8	14	2	2	4	0	52	81	43	10	23	2
RPS17A	0	1	0	0	0	0	18	0	0	2	0	0	35	34	16	9	2	2
RPS17B	0	0	0	0	0	0	0	0	0	0	0	1	0	0	2	0	0	0
RPS18B	3	0	34	59	34	26	9	19	36	49	21	43	755	970	550	201	261	116
RPS19A	0	2	79	1	8	2	0	2	0	0	8	15	245	282	179	61	65	20
RPS1A	38	65	17	102	93	38	26	10	24	84	131	28	572	450	361	439	376	148
RPS1B	1	0	0	0	0	0	0	0	0	0	0	0	0	0	0	0	0	0
RPS20	0	0	0	0	0	1	0	0	0	0	0	0	0	0	0	0	0	0
RPS21B	118	184	104	110	154	119	152	197	86	126	176	68	275	212	188	210	271	53
RPS22A	0	0	0	0	0	0	0	0	0	0	0	0	0	0	0	0	1	0
RPS22B	40	38	5	57	42	11	28	78	18	86	33	27	353	378	302	78	96	75
RPS24A	0	0	0	0	0	0	0	0	0	0	0	1	0	0	0	0	0	0
RPS24B	225	314	483	6073	7484	4300	115	95	88	6014	6158	10968	3544	2317	3545	5658	6470	4321
RPS25A	42	1	60	68	63	107	234	0	90	89	33	71	742	522	451	217	239	116
RPS26B	0	37	113	53	61	38	60	76	11	76	82	47	523	442	355	132	169	84
RPS27A	491	114	321	333	127	173	290	45	184	323	148	178	910	482	727	412	324	176
RPS27B	0	2	2	2	0	15	0	0	0	6	2	14	105	161	72	89	179	24
RPS28A	0	186	0	45	15	0	0	29	0	23	13	0	212	121	117	40	33	12
RPS28B	73	9	206	129	95	88	68	28	10	162	68	175	584	399	572	470	582	277
RPS29A	2	28	37	67	44	93	27	44	2	24	98	51	345	402	326	272	365	161
RPS30A	195	90	189	84	124	155	83	96	95	186	96	614	305	336	315	520	798	434
RPS30B	433	442	428	231	229	318	170	221	389	292	313	467	1187	923	975	462	531	220
RPS4A	67	22	80	38	35	17	33	38	36	62	23	39	600	551	501	61	152	84
RPS6A	0	0	0	0	0	1	0	0	2	2	3	0	65	73	42	2	18	2
RPS6B	4	0	0	4	0	0	38	0	0	8	0	0	86	92	46	27	14	2
RPS7A	0	0	0	0	0	0	0	0	0	0	0	0	2	25	3	0	2	2
RPS7B	5	2	0	4	0	0	0	2	3	0	2	0	10	0	10	0	0	2
RPS8A	0	0	0	0	1	0	0	0	0	0	0	0	0	0	0	0	0	0
RPS9A	1	0	1	0	0	1	1	1	0	0	0	3	1	1	0	2	1	0
RPS9B	0	0	0	0	0	0	0	0	0	0	0	0	9	32	8	2	3	0
RQC1	1084	1260	1503	1467	1333	969	1918	975	862	1527	1322	1560	2436	1729	1655	1578	1763	743
RRD1	38	18	80	32	34	21	10	14	25	29	31	46	36	17	24	41	50	41
RRD2	159	570	167	105	306	117	181	321	181	125	316	173	374	611	237	245	435	82
RRG1	0	0	0	0	0	0	0	0	0	0	0	0	6	6	0	0	0	0
RRI2	404	1045	2295	462	1029	741	447	697	890	516	887	1041	667	595	497	638	1251	505
RRM3	107	420	562	70	351	247	16	224	286	72	306	381	281	378	223	354	1101	371
RRN9	0	0	1	0	0	0	0	0	0	1	1	0	0	0	0	0	0	0
RRP8	0	86	27	6	35	31	17	59	44	29	22	54	150	428	145	142	542	112
RRT12	816	1404	1525	669	691	608	510	963	573	967	969	663	926	953	651	1097	1260	428
RRT13	83	12	27	34	17	5	29	7	16	34	19	43	170	164	76	21	39	28
RRT16	1312	900	1918	401	459	909	524	543	1048	493	562	1034	585	348	391	707	1159	727
RRT2	0	171	0	1	52	0	0	28	1	2	67	1	110	230	158	72	132	24
RRT6	316	476	674	254	228	126	475	334	218	423	288	363	1485	1143	1159	385	442	167
RRT7	70	44	38	2629	1076	677	73	17	4	2499	979	1544	2156	1421	2018	1410	1326	593
RSA3	2	0	0	14	0	5	33	0	0	37	0	0	118	157	99	39	24	10
RSA4	0	0	0	0	1	0	0	0	0	0	0	0	0	0	0	0	0	0
RSB1	0	0	0	0	0	0	0	0	0	0	0	0	0	2	0	0	0	0
RSC9	0	0	0	0	0	1	0	0	0	0	0	0	0	0	0	0	0	0
RSF1	10	20	124	20	7	21	33	34	37	44	22	40	158	126	70	69	38	17
RSF2	1073	990	708	1078	987	448	931	518	623	1011	766	762	868	580	700	863	919	531
RSM19	0	0	0	0	0	0	0	0	0	0	0	1	0	0	0	0	0	0
RSM22	0	0	0	28	0	1	0	0	32	40	4	13	54	117	43	7	26	2
RSM24	0	0	0	0	0	0	0	0	0	0	0	0	9	0	0	0	0	0
RSM25	53	60	68	1091	1431	472	23	34	33	877	1240	1029	1180	892	1029	1133	1393	552
RSM26	1	0	0	0	0	0	0	0	0	0	0	0	0	0	0	0	0	0
RSO55	193	61	516	88	79	85	158	97	207	128	88	255	549	366	291	226	244	131
RSR1	1091	485	728	740	536	654	892	357	788	961	449	926	1434	977	1155	901	738	324
RTA1	24	22	2	82	10	48	17	27	22	118	10	47	320	266	249	55	83	46
RTC1	270	61	4	48	34	40	127	83	43	32	32	56	356	439	249	59	58	21
RTC2	6	50	21	98	34	37	22	29	54	113	12	33	315	418	316	51	47	22
RTC3	0	92	10	39	107	38	60	35	21	63	147	63	165	94	103	84	110	55
RTC4	253	182	292	174	200	154	187	185	51	147	220	173	836	622	602	170	223	84
RTC5	0	2	4	2	1	2	0	0	1	0	0	0	2	0	0	2	2	0
RTC6	40	42	58	1443	1031	349	37	6	14	1188	925	855	1803	1198	1492	919	1026	463
RTG2	0	6	1	2	90	13	0	4	13	8	95	13	256	295	233	26	92	31
RTG3	33	6	18	33	22	2	21	8	1	15	41	1	191	134	135	41	35	22
RTK1	142	794	878	238	386	433	386	415	427	250	353	485	823	644	706	593	753	249
RTN1	172	79	28	180	170	9	88	31	0	206	113	13	994	819	739	147	221	91
RTN2	228	229	310	283	105	160	257	126	208	301	136	205	1419	1057	1159	360	392	160
RTR1	551	240	666	242	172	90	232	158	215	277	216	122	1669	1497	1201	438	514	141
RTR2	272	1400	1823	261	619	471	579	476	730	330	739	738	887	843	593	613	1236	376
RTS1	0	0	0	0	0	0	0	0	0	0	0	0	4	33	7	2	6	0
RTS3	1184	790	410	395	753	238	469	573	399	485	756	441	2906	2180	2190	751	785	327
RTT10	260	253	286	173	201	164	320	253	215	193	231	245	511	692	320	242	640	139
RTT101	46	73	22	43	18	8	96	66	12	35	9	9	397	363	223	90	149	53
RTT102	27	19	20	17	3	4	26	9	16	18	2	14	84	33	69	31	18	19
RTT103	0	0	0	0	0	0	0	0	1	0	0	0	4	2	0	0	0	0
RTT107	40	101	37	264	47	41	102	256	77	268	49	95	276	187	149	133	105	57
RTT109	0	0	0	0	1	0	2	0	0	2	0	1	62	93	37	16	70	22
RUD3	387	165	315	72	86	135	264	147	318	147	92	160	530	496	481	172	296	82
RVS161	0	0	0	0	24	0	0	0	0	0	32	0	16	74	17	15	138	48
RVS167	185	153	441	169	103	81	266	62	130	177	90	116	710	594	491	173	233	95
RXT3	392	188	262	242	149	140	362	82	194	318	109	184	841	616	634	315	287	189
SAC1	0	0	0	0	3	1	0	0	0	1	0	0	42	100	26	2	22	0
SAC7	0	0	2	0	0	0	0	0	0	2	0	0	2	10	4	0	2	0
SAE2	0	0	0	0	0	0	0	0	0	0	0	0	2	0	0	0	2	0
SAE3	521	431	981	365	267	349	623	354	398	477	274	525	1972	1508	1556	456	453	223
SAF1	769	445	192	447	273	119	548	285	142	497	204	194	711	546	648	244	267	107
SAG1	0	0	6	2	3	15	0	3	35	3	1	2	307	291	182	41	73	18
SAK1	1487	940	1547	683	586	380	760	723	357	639	668	465	1432	1010	952	631	596	268
SAM1	70	10	0	68	22	0	18	0	0	80	15	1	168	145	144	46	46	22
SAM2	430	425	355	270	241	283	437	215	402	361	224	526	2562	1847	2037	593	556	285
SAM3	1836	1492	1937	1347	901	1002	1673	967	1186	1739	821	1335	2982	2006	2361	2053	1562	850
SAM37	1	0	0	1	0	0	1	0	2	1	0	1	9	67	26	12	16	4
SAN1	935	370	163	382	299	116	846	343	44	566	283	121	1186	894	848	460	385	162
SAP185	1967	3850	4396	2397	3524	2267	2353	2392	2601	2382	3372	3465	2961	2104	2383	2869	3737	1875
SAP190	418	436	107	319	246	109	407	337	166	427	224	548	298	232	195	297	447	165
SAP30	0	0	0	0	0	0	0	0	0	0	0	0	0	0	0	0	1	0
SAS2	0	0	0	0	2	0	0	0	0	2	0	0	0	8	4	2	0	0
SAS4	698	1422	1799	410	1256	689	465	826	746	451	1109	864	628	647	511	621	1513	582
SAS5	0	66	18	19	37	1	10	25	15	6	22	13	196	118	134	49	69	21
SAT4	390	383	517	653	548	497	369	474	604	564	630	739	1007	720	969	984	864	511
SAW1	6771	4683	11808	5791	3832	4956	4367	2776	4560	6078	3949	8572	3359	2545	3517	5355	4980	3906
SAY1	1173	139	690	362	93	255	422	30	339	354	126	313	1311	1147	1132	419	405	165
SBA1	605	375	302	503	294	273	881	123	347	731	361	319	985	679	724	516	520	269
SBE2	165	59	114	63	31	38	158	54	31	99	66	97	418	248	277	102	87	45
SBE22	453	1142	584	265	312	192	162	176	239	324	270	344	727	462	423	468	619	243
SBH1	2212	1721	2236	1777	1752	1131	2040	1258	1352	1849	1640	1938	3977	3072	3219	2469	2731	1287
SBH2	1	3	6	0	30	27	0	20	14	1	20	20	172	151	119	47	35	10
SBP1	7095	5140	14416	7733	6370	5919	5659	3303	4710	7515	6030	11348	2681	1969	2341	8779	8465	6795
SCJ1	1243	1585	1724	1514	1541	867	1103	1101	764	1475	1479	1521	820	743	737	1922	2602	1241
SCM4	105	66	148	123	47	44	218	16	74	136	53	50	386	274	331	64	104	52
SCO2	198	103	464	183	144	152	274	73	127	251	119	144	965	764	692	254	272	119
SCS2	589	413	1140	503	307	331	726	274	329	679	372	555	1732	1281	1047	835	822	373
SCS22	1196	344	686	293	656	642	255	537	245	367	593	699	1515	950	991	767	717	364
SCS3	546	178	335	252	132	139	242	211	122	290	121	132	1030	809	733	232	207	107
SCS7	0	20	150	1	13	1	0	4	3	1	8	3	102	81	84	14	28	9
SCW10	336	20	278	90	95	107	62	105	126	79	71	160	565	296	327	91	90	66
SCW4	115	165	101	331	152	103	214	315	63	291	176	190	1547	1300	1134	410	378	153
SDC1	61	142	0	56	52	51	132	23	40	46	41	38	375	419	295	112	155	78
SDC25	335	541	226	132	254	167	309	317	177	211	240	206	1005	863	785	366	426	145
SDD1	75	207	427	110	161	142	75	98	144	99	203	303	506	402	344	248	337	112
SDD2	197	146	293	182	115	162	222	83	196	207	111	210	730	564	579	202	151	93
SDD3	2360	2022	1767	1659	1798	1099	1753	1352	1094	1792	1496	1670	3087	2273	2489	2492	1895	839
SDD4	0	2	2	0	3	4	4	0	0	6	2	4	12	2	8	4	2	2
SDH1	105	116	0	51	92	1	16	76	0	46	52	1	212	234	167	28	50	30
SDH2	0	4	2	0	8	15	0	21	0	1	15	6	354	320	257	36	84	18
SDH5	4	0	1	11	21	0	21	10	1	3	21	0	55	88	45	6	25	0
SDH7	109	187	53	92	86	53	111	48	75	130	116	82	620	558	357	152	199	64
SDH8	261	245	284	241	220	115	188	274	120	270	185	133	316	296	294	299	512	144
SDH9	1259	1501	1204	996	956	591	979	1362	713	1206	937	854	4743	3406	3372	1128	999	514
SDL1	1479	1114	1666	1523	541	894	1438	352	838	1741	523	1266	2073	1070	1592	1694	995	610
SDP1	0	0	1	1	1	0	0	1	0	0	0	0	1	0	0	0	0	0
SDS23	1	0	0	0	0	0	0	0	0	0	0	0	1	0	0	0	0	0
SDS24	1218	1994	2633	1280	1257	1130	1566	847	1264	1281	1217	2232	3332	2053	2735	1886	1818	936
SDS3	45	71	63	1594	1329	313	44	16	28	1552	1204	812	2413	1925	2192	1393	1342	711
SDT1	0	0	0	0	0	0	0	0	0	0	0	0	0	0	2	0	0	0
SEA4	196	191	202	170	217	140	264	342	172	157	255	127	308	320	238	127	280	90
SEC14	0	0	1	0	0	0	0	0	0	0	0	0	0	0	0	0	0	0
SEC22	55	56	328	104	58	151	225	4	227	125	35	136	570	467	443	152	143	57
SEC24	0	0	0	0	0	0	0	0	0	0	0	0	0	0	1	0	0	0
SEC28	0	0	1	0	0	0	0	0	0	0	0	0	0	0	0	0	0	0
SEC62	0	0	0	0	0	0	0	0	0	0	1	1	0	0	0	0	0	0
SEC66	544	690	414	167	227	264	422	420	574	191	255	257	465	444	383	231	462	143
SEC72	164	120	542	189	82	171	230	119	222	218	106	218	877	619	529	238	248	106
SED1	3	2	5	1	3	2	1	0	1	1	2	1	5	4	2	1	1	1
SED4	2235	1042	294	507	450	338	1177	931	358	715	428	418	1279	1061	1122	409	449	189
SEG1	0	0	0	0	0	0	0	0	0	0	0	0	8	2	6	0	0	0
SEG2	222	97	135	108	168	92	170	368	108	159	140	110	924	639	666	214	251	83
SEI1	267	221	241	430	190	51	334	148	88	429	219	97	1400	1190	1067	396	382	184
SEM1	0	0	0	1	0	0	0	0	0	0	0	0	0	0	0	0	0	0
SEN1	0	0	1	0	0	0	0	0	0	0	0	0	0	0	0	0	0	0
SEO1	76654	74149	293430	82609	69878	144216	66674	50964	124098	83823	66977	258357	35109	27528	37838	55831	60590	56983
SER1	688	120	344	414	164	165	410	144	148	464	140	165	680	490	564	473	376	223
SER2	688	1322	1656	123	484	472	422	700	450	172	595	395	245	228	181	310	674	215
SER3	179	29	61	87	39	26	73	31	39	85	34	24	257	165	150	44	50	17
SER33	365	233	432	371	310	135	278	225	163	448	303	171	1107	869	917	267	241	150
SET2	2108	2877	4802	1848	1892	1110	1342	1569	1107	1636	1794	2585	306	355	318	3115	4143	3120
SET3	2	50	783	24	24	62	54	78	112	21	45	108	326	352	277	120	183	72
SET4	201	222	307	86	72	89	93	79	180	99	110	167	532	492	413	194	130	84
SET5	151	113	324	330	99	131	97	2	64	321	93	180	964	748	766	238	261	101
SET6	402	167	156	280	90	115	653	110	55	307	107	97	966	821	753	216	185	110
SEY1	5	27	50	11	32	11	1	85	7	16	50	57	251	160	134	60	69	16
SFA1	511	37	78	44	65	48	38	73	70	54	75	94	439	364	344	118	105	50
SFB2	3104	1979	4946	2248	1678	2550	2106	2051	2165	2386	1584	3626	1791	1103	1787	2185	1581	1385
SFG1	92	0	447	66	15	100	25	0	75	94	21	90	470	303	348	132	149	89
SFH5	526	700	1471	552	470	512	639	695	648	650	619	855	1621	992	1240	821	731	361
SFK1	1091	880	1121	1973	1296	965	485	294	209	2091	1144	1849	1992	1580	2009	2268	2082	1126
SFL1	124	199	399	98	153	850	104	232	391	194	564	366	386	407	281	246	249	120
SFM1	1	367	143	62	117	99	83	157	111	45	170	140	354	251	295	99	93	32
SFT2	474	1837	434	248	426	151	286	946	254	248	438	200	1035	696	743	245	284	155
SGA1	15	59	87	34	92	13	21	95	27	27	86	47	172	116	170	37	30	11
SGD1	0	0	0	0	0	0	0	0	0	0	0	1	0	0	0	0	0	0
SGF29	148	233	233	129	88	67	184	99	38	107	113	56	417	457	287	125	205	36
SGM1	84	60	110	141	17	56	235	28	99	122	29	69	669	400	497	114	155	80
SGN1	3790	3808	9528	4478	3130	4235	3235	1901	4210	4987	3003	6457	4426	2792	4216	5078	4302	3267
SGS1	40	0	84	34	18	44	39	18	58	42	1	47	359	466	275	114	157	28
SGT2	126	211	150	128	161	70	223	170	35	219	150	79	825	586	603	176	278	121
SHC1	604	44	83	256	65	92	250	91	200	397	111	142	858	601	619	210	158	90
SHE10	10	29	0	30	51	2	28	22	3	34	30	29	312	259	219	56	81	47
SHE2	28	184	8	89	79	54	201	75	41	158	85	103	783	644	579	166	200	78
SHE3	102	214	315	175	157	73	97	147	110	162	179	203	276	173	232	263	218	165
SHE9	0	0	0	2	0	0	0	0	0	1	0	0	44	42	8	12	10	2
SHG1	111	66	558	97	105	179	147	233	172	90	75	220	547	333	362	106	159	32
SHH3	61	90	1	73	69	4	277	51	5	119	106	44	342	271	230	66	69	28
SHH4	2820	1896	3502	2644	2012	1576	1899	1337	1381	2490	1961	2326	2703	1570	2489	2816	2100	1354
SHM1	23	127	68	99	73	58	40	39	46	81	73	84	420	355	391	118	135	83
SHM2	181	102	94	65	98	78	205	68	93	166	67	73	1046	855	846	164	229	90
SHO1	910	1057	1991	1288	1221	934	1292	979	864	1353	1149	1244	3880	2429	2553	2041	1954	969
SHR5	0	0	0	2	0	0	2	0	0	2	0	0	2	0	0	0	0	0
SHU1	2895	4862	6347	2844	3282	3392	2566	2490	3051	3161	3376	4679	1856	1541	2167	3463	3773	2654
SHU2	0	0	0	0	0	4	0	0	9	0	0	5	19	32	25	2	0	2
SHY1	0	0	0	0	1	0	0	0	0	0	1	0	31	20	16	0	12	4
SIA1	0	0	0	0	0	1	0	0	0	0	0	0	0	0	0	0	0	0
SIC1	1	0	0	0	0	0	1	0	1	0	1	0	81	122	50	13	51	4
SIF2	0	0	0	0	0	0	1	0	0	1	0	1	0	1	0	0	0	0
SIL1	187	95	206	180	81	70	164	90	104	200	78	102	732	420	540	128	178	63
SIP18	10	4	6	14	14	4	6	2	20	4	6	13	67	20	45	14	6	10
SIP2	13	38	20	281	628	146	14	31	83	325	638	342	1040	683	749	512	459	223
SIP3	394	120	104	220	94	106	266	140	139	267	123	156	815	416	709	280	154	102
SIP4	371	677	657	451	718	349	425	442	304	433	694	672	745	491	509	430	647	390
SIP5	3026	2470	1864	1963	1626	737	1998	913	927	1932	1487	1552	1580	923	1275	1696	1335	791
SIR1	4	41	7	143	265	14	23	51	1	175	231	12	367	265	287	116	96	35
SIR2	8	3	9	143	33	33	2	2	0	151	57	95	688	499	483	296	218	68
SIR3	13	16	33	354	464	120	10	4	0	380	357	329	893	654	715	430	478	165
SIR4	50	68	58	1089	1048	453	36	26	25	1131	1032	788	1338	1044	1286	1002	1087	540
SIS2	302	822	659	121	403	238	225	944	428	142	457	254	582	420	310	304	577	232
SIT1	4941	5625	7043	939	3555	3541	1424	5546	3922	949	3537	5279	1233	1265	824	1183	3386	1070
SIZ1	10	12	31	18	10	5	16	6	18	10	8	20	22	11	6	5	22	10
SKA1	218	743	660	245	485	307	240	523	484	209	668	307	559	523	410	622	669	202
SKG3	290	833	1076	190	758	507	284	800	573	302	703	691	400	321	260	371	798	386
SKI2	4	34	0	43	5	6	2	4	28	21	13	1	141	173	91	18	46	18
SKI7	60	0	56	93	3	18	123	0	7	107	0	71	126	102	86	38	62	32
SKI8	0	6	1	6	10	0	0	8	6	1	2	2	13	26	21	0	6	2
SKM1	2341	1264	2938	2069	1122	1391	2274	1247	1288	2333	1256	2021	2787	1545	2159	2285	1863	881
SKN1	100	138	59	135	115	115	226	136	99	219	137	130	467	355	335	150	185	86
SKN7	132	189	600	377	326	209	352	204	288	287	344	301	1163	737	784	636	589	245
SKO1	448	1266	722	698	980	283	450	397	193	630	842	376	1737	1332	1305	913	1239	440
SKP2	23	200	317	54	94	95	37	137	209	42	128	183	690	539	484	118	121	61
SKY1	0	2	14	0	31	8	4	2	11	6	22	6	219	243	122	43	129	49
SLA2	0	0	0	0	0	0	0	0	0	0	0	1	0	0	0	0	0	0
SLC1	0	17	1	67	5	8	37	42	22	56	11	4	315	280	226	58	87	47
SLD3	0	0	0	0	0	0	1	0	0	0	0	0	0	0	0	0	0	0
SLF1	366	307	482	315	281	170	311	225	245	430	337	220	1560	1159	1304	338	362	149
SLG1	1	195	2	32	33	0	37	0	0	43	32	0	401	321	379	130	122	30
SLH1	152	163	153	192	115	49	180	116	19	182	159	114	1054	955	805	198	249	114
SLI1	7542	5140	10902	5950	4148	5785	5767	3201	5831	6646	3763	8904	3102	2197	3358	6107	5604	4295
SLK19	80	375	225	92	108	99	135	282	29	134	156	77	455	325	419	145	148	43
SLM1	895	1102	1437	783	1001	1204	1416	1068	1523	877	1012	1278	669	528	394	586	1325	557
SLM2	8636	4614	7155	7453	5085	3489	6155	3157	3544	7556	5037	5441	7247	4168	5841	7183	5386	3132
SLM3	1	0	0	0	2	0	0	0	0	0	0	0	99	114	62	4	31	8
SLM4	2	199	28	19	170	39	0	93	10	27	154	18	247	348	194	99	271	35
SLP1	0	2	0	0	0	0	0	0	0	0	0	0	0	0	2	0	0	0
SLS1	0	0	0	0	0	0	0	0	0	0	0	0	0	0	2	0	0	0
SLX1	131	36	120	2171	1413	600	66	26	25	2203	1272	1487	2732	1856	2298	1996	1795	718
SLX4	32	146	15	94	86	70	94	99	43	77	137	130	595	516	501	182	127	65
SLX5	0	0	0	0	0	0	0	0	0	2	0	0	30	23	14	17	22	8
SLX8	1353	479	260	588	504	303	998	263	165	623	420	546	1019	1179	986	1900	2835	1258
SLY41	119	241	640	133	139	97	130	155	189	196	136	209	1065	843	819	266	241	180
SMA1	55	25	77	35	21	28	47	77	37	58	27	52	215	185	166	64	59	28
SMA2	340	66	653	113	42	109	66	82	190	104	46	134	460	340	306	186	192	74
SMC5	0	0	0	0	0	0	0	0	0	0	0	1	0	0	0	0	0	0
SMF1	141	16	521	102	42	58	167	6	58	119	19	121	449	326	325	129	93	72
SMF3	343	571	383	190	442	547	237	329	282	166	574	735	726	572	585	436	721	277
SMI1	116	308	206	305	131	177	196	220	226	357	88	293	2754	2225	1722	793	764	264
SMK1	525	804	970	256	618	302	272	989	451	264	593	465	390	380	321	351	880	333
SML1	650	848	1772	255	402	394	426	616	385	346	438	592	1015	890	784	383	706	239
SMM1	156	403	387	150	84	19	314	43	65	191	99	45	311	190	254	84	57	48
SMP1	361	649	1085	248	433	473	254	545	861	195	532	605	716	531	586	338	580	242
SMT1	127	162	40	182	121	110	263	171	97	268	107	155	856	565	600	380	254	136
SMU2	847	339	119	337	172	130	617	112	181	383	191	172	946	666	613	280	284	130
SMY1	111	59	30	237	104	118	447	43	78	254	99	112	834	582	641	194	223	130
SMY2	74	148	474	150	175	125	152	99	183	120	125	222	202	140	179	263	305	176
SNA3	1217	1358	3505	818	984	905	1120	965	991	855	917	1310	1341	787	996	1159	1152	562
SNA4	4880	4630	8471	6242	4989	4713	4689	4168	4297	6013	4870	7210	2545	1653	2363	4745	4894	3749
SNC1	2421	2692	5109	2531	2963	2674	2099	1845	2142	2602	2910	4255	2568	1856	2042	2582	3418	1479
SNC2	0	0	0	0	0	0	0	0	0	1	0	0	14	29	8	12	4	4
SND1	3000	3100	4202	3023	2468	2575	2178	1682	1935	2891	2384	4928	2068	1344	2133	2398	2198	1797
SNF11	2230	1648	2105	1242	1200	764	1562	1120	641	1374	1205	1200	2516	2173	1772	1401	1673	540
SNF3	117	0	32	48	2	11	109	0	6	65	3	2	176	146	159	26	62	11
SNF7	0	1	1	0	2	0	0	0	0	1	1	1	52	42	33	10	13	6
SNL1	1220	1776	1426	546	1181	701	971	1001	865	628	1337	707	1330	921	905	857	1713	604
SNN1	105	32	109	58	43	40	80	237	24	110	70	82	438	322	309	119	110	28
SNO1	183	311	151	157	112	112	290	92	177	166	112	154	793	513	701	283	302	156
SNO4	38	183	266	91	49	112	38	111	133	128	74	212	545	368	356	131	90	43
SNQ2	216	215	346	159	204	83	272	58	69	272	187	146	1050	878	813	218	276	102
SNT1	2555	1905	5055	892	1235	1796	2200	2021	2238	1163	1321	3132	1621	1413	1424	1952	2947	917
SNT2	2977	6072	6036	1964	3893	2843	2747	3594	2909	2218	4062	3869	5303	4972	3480	4078	6882	1918
SNT309	0	23	0	0	1	2	0	0	10	1	0	1	71	54	28	2	2	3
SNU66	107	31	2	37	29	0	77	118	0	48	33	0	303	228	248	52	63	36
SNX3	28	83	133	54	102	53	72	30	40	85	62	92	570	458	435	155	176	33
SNX4	38	45	1	31	12	8	91	46	10	27	34	3	146	154	109	15	36	6
SNX41	304	58	124	144	35	28	144	25	62	114	41	91	607	539	468	154	158	68
SNZ1	14	4	13	10	3	3	4	4	6	2	8	21	4	10	4	12	2	22
SOA1	566	241	973	930	539	455	377	179	432	793	492	845	935	541	752	776	760	496
SOD1	1	4	1	11	26	6	0	0	2	27	19	1	467	478	250	212	439	103
SOD2	0	0	0	0	13	3	0	8	9	3	2	16	180	136	104	42	53	22
SOF1	0	1	0	0	0	0	0	0	0	0	0	0	0	0	0	0	0	0
SOK1	95	23	0	47	22	1	57	28	4	90	21	1	215	211	175	17	57	8
SOL1	4172	2698	8176	3695	2212	3221	3345	1655	3571	4150	2313	5191	2011	1368	1714	3468	3167	2059
SOL2	219	121	540	286	160	103	237	106	202	235	152	315	180	122	103	253	261	277
SOL3	451	1453	1176	547	1243	452	548	826	377	429	1179	553	999	1185	767	641	1558	518
SOL4	1188	1022	2412	1015	953	1165	1175	888	1165	984	949	1561	1284	1046	942	978	1625	670
SOM1	0	0	0	1	1	1	0	1	0	1	1	0	231	200	83	17	42	6
SOP4	8153	8688	23547	66938	64030	48317	3056	2490	3661	53493	49449	129532	9912	7695	16479	29922	36833	50725
SPC2	233	79	35	91	129	14	118	173	17	145	82	43	393	372	347	88	140	35
SPE1	1368	911	3487	1642	1255	1513	1171	505	1188	1918	1035	2160	1823	1116	1766	1760	1356	740
SPE2	44	432	287	102	252	99	80	216	42	117	227	176	647	427	529	193	202	102
SPE4	74	471	109	157	277	81	187	132	126	156	304	153	503	351	520	214	178	87
SPG4	274	583	419	366	161	158	556	250	243	579	208	182	1084	854	908	324	239	142
SPG5	840	940	1101	706	704	594	774	702	707	856	671	1018	1189	948	965	809	1041	391
SPH1	205	753	631	226	423	309	554	523	397	214	445	411	667	668	445	391	727	229
SPI1	14738	10301	22469	12380	9115	9643	10158	5790	9395	12620	9013	16735	8444	5521	8415	12054	10281	8535
SPL2	850	164	418	496	134	254	527	108	204	523	178	309	726	556	635	361	351	107
SPO1	430	507	205	206	243	161	264	484	256	247	274	202	1011	836	822	314	264	119
SPO11	2909	2706	6377	1518	1404	1935	1592	1206	1792	1917	1517	3754	1125	910	1129	1585	1723	1677
SPO12	2336	2836	3918	1363	1311	1473	2086	1394	1542	1364	1061	2374	2305	1604	1919	1800	1626	1158
SPO13	0	0	3	0	2	0	0	0	0	0	0	0	0	0	0	0	0	0
SPO14	0	0	2	2	0	0	0	0	0	0	0	0	2	0	0	0	0	0
SPO16	100	411	263	90	214	83	101	393	127	87	188	148	253	300	222	163	268	134
SPO20	908	926	820	601	819	596	698	667	758	826	770	636	2705	1714	2121	1257	990	561
SPO21	14062	11906	30019	12767	9276	12769	10301	6957	12800	13405	9232	19893	6655	4724	7034	12757	11959	9343
SPO22	2	3	8	2	2	2	0	0	0	0	2	4	0	2	2	2	1	0
SPO23	1326	3130	5298	1135	2464	2699	1165	2858	2995	1307	2632	2946	1610	1199	979	1656	3343	1273
SPO71	601	225	119	134	151	46	111	205	29	225	162	74	526	391	410	129	151	52
SPO73	87	88	104	99	49	58	108	7	209	130	36	47	364	198	284	54	68	53
SPO74	88	1	468	116	4	114	84	2	227	91	2	250	731	546	641	158	189	79
SPO75	2420	3747	2503	1085	2447	1507	1090	2219	1768	1194	2354	1980	1416	1191	996	1357	2852	1120
SPO77	197	768	696	161	289	333	259	430	565	231	428	656	993	803	846	414	417	231
SPP1	61	519	64	93	272	60	252	320	77	153	332	31	969	914	814	220	262	123
SPP2	0	0	0	0	0	0	0	0	0	0	0	0	0	1	0	0	0	0
SPP382	0	0	1	0	0	0	0	0	0	0	0	0	0	0	0	0	0	0
SPR1	318	115	462	159	54	201	150	216	170	169	59	288	709	588	543	159	193	57
SPR2	0	0	0	0	0	0	0	0	0	0	0	0	0	0	0	0	0	2
SPR6	617	1792	2910	551	1215	929	767	1111	1156	762	1305	1254	1654	1493	1132	1037	1565	552
SPS1	0	0	10	24	0	4	2	0	0	18	0	0	108	147	55	17	32	21
SPS100	3565	3689	7712	3434	4346	4068	3450	3165	4032	3577	4387	6178	1429	1024	1092	2677	3250	2317
SPS2	3562	1025	1745	1698	528	618	2306	557	826	2093	616	768	3849	2366	2827	1557	1135	664
SPS22	280	205	175	188	117	80	94	19	86	207	131	99	1075	798	787	196	215	121
SPS4	0	1	0	0	0	1	0	0	0	0	0	2	0	0	1	2	0	0
SPT2	0	0	2	0	2	0	0	2	0	0	0	2	6	6	2	0	1	0
SPT23	0	0	0	0	0	0	0	0	0	0	1	0	0	0	0	0	0	0
SPT4	94	11	0	33	15	4	41	0	0	97	3	0	91	115	79	84	127	21
SPT8	2	0	0	2	6	0	2	0	0	4	3	0	245	268	223	31	46	19
SQS1	0	0	0	0	0	0	0	0	0	0	0	0	1	0	0	0	0	0
SRB6	0	0	1	0	0	0	0	0	0	0	0	0	0	0	0	0	0	0
SRB8	1	7	1	2	4	10	0	0	13	7	0	1	116	278	119	35	81	16
SRF1	0	0	0	0	0	0	0	0	0	0	0	0	2	0	0	0	0	0
SRL1	83	46	365	92	67	65	170	116	122	103	70	119	669	465	525	186	198	71
SRL2	1311	1552	1972	1707	1568	1371	1413	857	1266	1585	1473	1859	2828	1792	2383	2320	1936	1154
SRL3	308	137	609	150	287	114	387	284	164	198	262	111	1017	854	800	269	236	106
SRO7	389	688	510	177	417	126	195	828	315	195	483	191	652	761	603	173	253	93
SRO77	5090	3991	14065	3804	3572	7248	3387	3419	6944	3876	3285	10927	1881	1348	2078	2620	2677	2639
SRO9	20	18	48	14	32	10	126	28	1	52	26	19	209	196	163	40	44	30
SRP40	0	0	0	0	0	0	0	0	1	0	0	0	0	0	0	0	0	0
SRS2	963	102	8	103	51	12	215	80	29	181	80	14	749	741	588	171	238	66
SRT1	64	14	122	91	44	41	138	70	23	148	27	40	498	300	329	103	97	45
SRX1	0	0	0	0	1	0	0	0	0	0	0	0	0	0	0	0	0	0
SRY1	2638	2187	1925	1623	1765	1387	2437	1597	1572	2256	1710	1750	4688	3392	2996	2364	2750	1212
SSA1	195	1586	1736	273	902	403	649	853	556	362	859	899	746	767	546	565	1288	368
SSA2	487	59	316	163	38	48	256	75	56	137	44	80	296	240	250	89	55	30
SSA4	4	33	0	6	17	6	45	2	2	24	26	21	220	260	142	26	42	40
SSB1	5	0	4	25	4	5	2	0	20	18	2	18	133	80	135	46	36	9
SSD1	25	99	176	30	131	110	37	87	75	50	268	186	77	125	98	87	262	159
SSE1	0	0	0	0	0	0	0	0	0	0	0	0	0	0	0	0	1	0
SSE2	0	63	22	21	33	2	4	60	0	21	40	12	289	210	274	52	96	45
SSF2	500	425	629	252	221	180	345	346	186	232	211	254	1804	1103	939	423	361	174
SSH4	63	149	211	170	127	213	181	93	183	229	116	263	242	249	249	178	217	146
SSK1	1345	1986	1451	974	1142	909	1372	1684	1032	1163	1169	1148	1958	1315	1514	1268	1410	501
SSK2	557	721	446	399	354	243	377	385	182	328	454	280	611	364	475	445	378	166
SSK22	193	343	183	174	69	26	214	99	44	175	87	67	539	453	396	130	143	57
SSM4	334	253	1626	624	473	660	433	222	576	735	430	1011	1096	723	856	573	650	293
SSN2	8	262	57	11	88	6	83	170	12	32	128	5	333	351	258	115	117	46
SSO2	253	342	233	167	115	105	295	95	73	210	124	96	944	635	709	176	190	129
SSP1	4643	2999	6284	3399	2380	2575	4300	2008	2956	4006	2403	4484	4286	2486	3371	5143	3364	2263
SSP120	190	91	32	119	40	56	130	67	63	131	51	91	610	369	409	143	190	77
SSP2	24	26	3	16	32	11	6	12	6	27	68	13	132	123	90	59	56	19
SST2	35	74	201	300	299	199	16	22	13	203	339	783	1721	1350	1693	3176	3757	3007
SSU1	2146	1063	1843	1285	691	1131	2335	1004	1099	1523	800	1300	3732	2105	3081	1605	1136	767
SSY5	0	0	0	0	0	0	0	0	0	1	0	0	0	0	0	0	0	0
SSZ1	4	115	104	15	255	13	22	140	0	7	187	28	69	106	55	214	1085	175
STB1	54	61	301	105	82	32	34	46	34	91	52	18	905	605	475	162	200	58
STB2	577	121	370	270	120	142	216	111	245	363	136	256	1277	945	1047	344	251	125
STB3	213	458	17	287	303	119	295	223	173	303	283	154	761	538	496	272	235	99
STB4	277	457	105	222	198	128	190	305	182	317	234	199	1314	783	1050	310	302	132
STB5	0	0	1	8	0	0	0	0	0	4	0	1	141	142	74	24	37	31
STB6	837	548	469	165	109	288	353	684	342	223	166	511	1697	1297	1308	468	457	197
STD1	0	22	98	18	76	20	9	100	0	3	84	10	240	221	201	55	88	36
STE11	20	20	30	279	249	116	21	18	14	348	214	258	1153	781	962	263	265	167
STE13	36	75	74	57	56	88	68	67	163	59	144	70	622	452	416	162	121	66
STE14	6	33	22	247	362	109	11	16	3	219	323	172	1297	910	1035	266	343	131
STE2	11	4	7	208	98	74	17	7	5	215	94	154	792	629	588	173	184	107
STE20	854	937	1768	2544	2071	1911	249	208	264	2588	1880	3666	2237	1812	2502	3210	3217	2433
STE23	3226	1388	2476	1912	843	982	3064	989	1398	2255	723	1878	4207	2725	3331	1881	1574	755
STE24	52	173	60	527	419	243	128	45	17	574	366	638	2154	1436	1987	726	644	253
STE3	416	219	599	131	209	119	261	153	150	161	149	113	833	494	609	204	207	129
STE4	10	10	7	163	221	13	4	14	3	182	185	31	729	508	493	135	164	113
STE5	0	0	0	0	0	0	0	0	0	0	0	0	2	0	0	0	0	0
STE50	0	0	1	7	17	11	0	0	0	24	8	24	3	7	9	15	4	6
STE7	4	6	14	207	349	162	10	9	6	172	223	466	1184	829	897	292	295	158
STF2	1211	1194	3098	1632	1457	1293	1243	904	1482	1572	1498	1952	2363	1470	2315	2456	2119	1435
STI1	66	52	380	74	85	69	146	102	118	118	99	121	764	544	516	193	189	67
STM1	0	0	0	4	0	0	0	0	0	2	0	2	0	4	2	2	6	2
STO1	2	28	0	0	4	0	0	18	0	0	2	0	131	152	122	50	49	10
STP2	66	3	2	85	8	12	135	37	0	110	27	13	311	175	232	55	52	30
STP22	2	0	0	9	0	0	0	0	0	18	0	0	22	12	19	4	0	0
STP3	96	734	1161	253	447	437	346	676	530	258	571	748	987	566	685	521	663	303
STP4	517	380	37	293	240	52	338	382	18	341	254	124	1046	594	810	252	215	114
STR2	1	3	0	3	0	0	0	4	0	2	0	5	16	14	2	0	2	2
STV1	277	724	1267	607	982	718	517	545	832	517	927	1387	3197	1999	2796	2036	1933	1074
SUB1	285	293	579	194	146	264	300	277	328	220	184	416	1902	1416	1182	641	624	274
SUC2	783	1574	943	457	407	656	584	416	675	641	610	554	1737	1219	1456	843	742	375
SUE1	0	0	0	0	0	0	2	2	0	0	0	0	0	0	2	0	0	2
SUL1	555	157	118	347	106	178	307	133	212	383	151	212	1904	1353	1329	311	374	154
SUM1	340	260	156	201	186	183	243	242	120	126	169	274	1004	799	854	286	289	156
SUR2	31	14	80	19	40	18	9	20	30	17	16	51	18	6	8	27	34	27
SUR7	699	1125	639	820	1085	387	780	490	466	936	921	523	2762	1815	2000	1577	1368	523
SUS1	12	9	10	6	3	1	10	0	6	0	2	2	23	22	15	12	12	4
SVF1	66	7	43	24	19	9	36	35	14	45	26	24	220	186	117	61	52	33
SVP26	21	28	4	82	25	2	91	1	16	88	28	4	324	235	266	80	59	41
SVS1	62	383	111	64	136	88	247	132	156	106	70	199	621	453	417	135	153	60
SWA2	2	121	3	199	30	2	4	107	2	112	33	3	251	412	183	54	220	36
SWC3	116	327	333	93	165	330	90	365	293	63	234	466	757	517	524	466	542	235
SWC5	682	504	815	247	301	269	435	640	489	265	288	330	893	814	770	585	983	366
SWC7	6786	3682	6419	4715	3179	3616	4551	2100	3370	5295	3153	4264	7144	4265	5596	4967	4351	2075
SWD1	68	2	80	70	41	19	63	77	20	48	46	30	457	435	359	155	187	58
SWD3	133	262	34	127	122	82	164	104	40	175	153	131	1396	1453	1147	429	540	215
SWE1	346	109	218	318	223	142	262	660	174	397	161	309	1258	918	710	631	567	189
SWF1	347	173	140	134	174	90	39	126	37	141	141	142	246	216	236	126	141	74
SWH1	317	433	896	382	347	235	502	255	347	468	295	611	1101	689	713	481	443	392
SWI4	134	19	0	78	29	47	109	89	170	123	46	226	580	618	481	140	216	68
SWI6	1	0	0	0	0	0	0	0	0	0	0	1	11	4	0	2	0	0
SWM2	0	2	18	6	11	0	10	8	0	2	8	0	38	31	37	4	4	4
SWP82	516	222	395	141	88	53	129	90	85	200	71	108	539	424	362	194	112	54
SWR1	741	1313	2103	540	430	574	578	729	1082	584	311	627	1250	957	998	530	899	266
SWS2	0	0	0	0	0	0	0	0	0	0	0	1	0	0	0	0	0	0
SWT1	230	21	13	281	41	30	127	167	20	286	59	63	668	550	523	204	193	85
SXM1	155	109	49	50	57	61	28	6	85	87	69	129	791	515	531	191	220	81
SYC1	0	0	1	0	0	1	0	1	0	0	0	0	93	114	55	10	8	6
SYF2	0	0	0	0	0	0	0	0	0	0	0	2	0	0	0	0	0	0
SYG1	6	6	13	183	226	81	6	16	4	184	234	253	287	206	254	221	196	78
SYH1	582	665	1626	649	514	933	720	357	680	905	774	1354	2051	1570	1868	962	1215	530
SYN8	1211	1573	2882	1147	1616	1565	951	1079	1335	1262	1442	2395	3523	2156	2468	1793	1956	1245
SYO1	0	0	0	0	0	0	0	0	0	0	0	0	0	2	0	0	0	0
SYP1	5049	4080	8999	5305	4168	6296	5105	3376	5004	5488	4666	7452	2049	1205	1879	2630	2597	1479
SYS1	950	283	414	519	640	354	530	124	470	720	622	662	3245	2579	2435	739	882	293
SYT1	158	731	468	274	614	244	427	423	310	392	632	330	969	764	565	475	481	159
TAD1	104	198	170	198	224	124	284	129	179	264	264	133	1413	1093	1108	288	289	151
TAD3	0	0	0	0	0	0	0	0	0	0	0	1	0	0	0	0	0	0
TAE1	280	1014	491	206	490	247	266	447	224	241	425	365	566	563	345	316	512	163
TAF11	0	0	0	0	0	0	0	0	0	0	1	0	0	0	0	0	0	0
TAF14	0	1	0	0	0	0	0	0	0	0	0	0	0	0	0	0	0	0
TAG1	0	0	0	0	0	0	1	0	0	0	0	0	0	0	0	0	0	0
TAH1	277	195	191	198	248	71	164	330	133	216	224	79	1131	835	902	261	270	147
TAL1	268	122	101	171	136	42	255	172	3	251	144	22	993	788	685	258	277	93
TAN1	55	250	341	81	168	163	114	708	155	88	217	176	483	385	332	165	450	156
TAT1	25	7	54	29	12	8	95	21	7	49	9	20	100	65	55	26	41	15
TAX4	638	1298	1791	365	649	669	493	564	1183	456	568	907	860	772	733	572	1273	482
TBS1	2	0	6	2	0	0	2	2	0	0	0	0	0	0	0	0	2	2
TCA17	572	547	732	305	455	399	316	362	464	380	540	656	1387	1408	994	795	1159	333
TCB1	26	21	14	28	24	6	30	2	40	27	53	14	122	104	106	35	27	8
TCB2	509	244	660	945	572	744	461	125	177	929	482	1295	886	807	1045	990	1080	532
TCB3	309	172	406	201	67	137	301	67	291	306	88	226	929	637	806	202	179	101
TCD1	7	44	0	29	55	6	13	19	1	16	45	20	335	257	206	64	66	15
TCD2	309	298	301	123	214	139	252	215	146	185	173	205	1009	739	855	331	257	170
TCM62	0	0	0	0	0	2	0	0	1	0	0	0	2	8	2	0	2	0
TCO89	0	0	0	0	0	0	0	0	0	0	0	0	0	0	0	2	0	0
TDA1	20	0	6	12	12	23	4	12	6	6	2	33	93	68	66	36	21	10
TDA10	248	18	53	175	13	20	226	17	17	229	18	19	243	182	199	64	47	42
TDA11	74	103	4	86	46	0	132	74	1	74	77	0	333	198	203	47	94	37
TDA2	139	84	366	35	112	118	35	53	255	43	99	188	196	202	194	35	107	36
TDA4	147	234	294	125	151	102	118	98	206	187	114	138	783	543	482	178	194	74
TDA5	139	222	354	145	247	116	265	152	133	174	237	181	1128	875	865	261	299	122
TDA8	1295	1570	1329	464	932	901	484	756	790	499	895	1151	1740	1304	1008	1017	1171	554
TDA9	182	5	367	206	38	94	22	18	16	239	34	136	1048	841	855	290	286	123
TDH1	0	0	0	1	5	2	0	0	0	2	1	1	179	214	114	36	58	39
TDH2	222	657	769	513	382	282	834	245	293	537	270	382	1705	1170	1285	607	546	227
TDH3	8	0	56	133	1	10	100	0	76	135	0	19	309	276	281	88	78	26
TDP1	173	182	299	338	107	70	219	48	114	362	82	184	731	587	605	201	205	92
TEA1	0	0	0	0	0	0	0	0	0	0	2	0	0	0	0	0	0	0
TEC1	2	205	1	6	123	8	6	160	10	4	55	37	269	209	144	68	128	74
TED1	6297	6756	15241	7815	8777	11009	4186	3348	4935	7476	8406	20429	4244	3540	4685	8652	10543	8972
TEF4	0	0	0	1	1	12	0	0	6	1	0	68	67	102	74	13	19	12
TEN1	0	0	0	0	0	0	0	0	0	0	1	0	0	0	0	0	0	0
TEP1	86	22	88	37	29	48	33	5	75	81	39	113	384	293	304	63	109	31
TES1	926	112	569	293	152	151	365	209	175	362	103	164	1090	831	858	224	248	128
TEX1	234	35	292	155	37	79	314	78	55	226	22	222	800	503	564	192	173	32
TFB2	0	0	1	1	0	0	0	0	0	0	0	0	0	0	0	0	0	0
TFC3	14	108	81	102	175	68	92	148	95	216	382	120	211	212	99	122	245	104
TFS1	38	0	45	122	1	18	78	0	15	74	1	23	234	187	178	39	85	19
TGL1	932	1462	1869	566	868	678	701	783	617	713	876	734	553	522	462	567	1128	467
TGL2	6249	5310	14473	6108	4595	7090	6352	3565	7415	6774	4595	11957	4505	3172	4552	6900	6388	5550
TGL3	80	410	1	88	97	11	85	82	1	90	108	29	501	437	391	97	93	44
TGL4	198	103	30	63	60	10	46	112	17	55	54	12	360	258	231	36	69	46
TGS1	106	13	4	10	4	0	29	83	1	37	3	93	73	185	91	18	27	15
THI12	538	5	63	184	27	82	199	25	132	167	38	41	666	427	440	121	87	61
THI2	49	126	365	87	94	146	105	84	65	73	60	139	501	403	369	184	124	54
THI20	365	165	548	244	117	79	148	79	160	188	94	208	839	674	761	192	251	118
THI21	768	243	454	444	172	105	581	95	98	469	194	87	1186	1066	973	336	269	140
THI3	2	3	2	6	6	4	2	3	1	2	2	3	32	16	34	11	19	8
THI4	108	532	116	336	288	56	370	184	37	321	252	137	791	631	764	329	288	134
THI6	88	195	190	118	63	49	219	125	120	88	62	73	683	653	605	135	209	87
THI7	4	40	437	14	35	87	2	25	86	33	15	130	477	285	320	99	96	44
THI73	300	72	98	41	55	35	56	59	37	54	58	40	484	355	317	103	88	49
THI74	0	0	0	0	0	0	0	0	0	0	0	0	0	1	1	0	0	0
THO1	133	180	32	239	163	40	210	182	67	174	224	47	636	519	498	163	142	63
THP1	0	0	0	0	0	0	0	0	0	0	1	0	0	0	0	2	0	0
THP2	23	36	1	31	45	0	47	91	1	58	43	0	34	56	25	2	14	8
THR1	19	4	1	20	9	0	22	5	0	24	8	0	105	84	85	26	16	26
THR4	2055	1035	3807	251	448	1512	1546	1262	2356	570	669	1636	3072	2180	2455	1550	1600	745
TIF1	273	794	1383	344	621	441	299	565	476	279	603	907	451	397	254	332	956	394
TIF2	4	85	15	93	135	16	38	107	60	90	100	28	330	253	232	66	100	34
TIF34	1	0	0	0	0	0	0	0	0	0	0	0	0	0	0	0	0	0
TIF4631	0	0	4	2	25	1	0	0	0	2	42	0	399	540	269	108	148	44
TIM11	4542	4228	17867	2663	3422	4072	5849	7922	9033	3208	4235	10413	1529	1346	1678	2260	3240	3517
TIM13	39	34	41	58	18	16	61	20	18	55	21	17	300	233	247	55	55	45
TIM21	166	61	171	215	77	44	127	56	78	288	66	49	389	275	329	86	110	51
TIM50	0	0	0	0	0	1	0	0	0	0	0	0	0	0	0	0	0	0
TIM8	593	462	521	348	327	312	417	354	340	399	392	392	1963	1525	1565	677	528	287
TIP1	494	88	272	106	67	103	140	70	104	101	57	109	497	311	370	130	108	90
TIP41	1	100	19	19	103	121	2	23	81	25	51	228	497	342	450	138	139	50
TIR1	1068	956	1168	481	701	695	791	997	691	601	662	858	2566	1594	2127	1154	894	644
TIR2	59	167	154	58	123	33	97	96	19	110	121	27	605	478	498	199	185	84
TIR3	202	204	302	5293	4677	2187	111	80	72	4867	3921	5382	4836	3730	4751	4325	4407	1960
TIR4	2	11	0	24	6	5	18	42	4	39	9	16	200	175	187	63	62	16
TIS11	654	819	1518	512	1298	671	307	878	757	548	1226	1533	724	567	546	851	1052	437
TKL1	2	1	0	4	6	0	18	0	0	4	2	0	78	83	62	11	27	12
TMA10	132	0	59	66	29	44	150	0	74	99	24	75	374	315	262	76	105	27
TMA108	4237	3308	7524	3678	2286	3111	3002	1721	2952	3925	2301	5036	2156	1355	2112	3874	3286	2329
TMA17	24	6	41	249	165	154	6	6	6	190	122	313	1259	910	798	236	230	131
TMA20	91	83	243	109	50	41	163	30	119	122	59	56	797	621	588	157	205	70
TMA22	12	105	248	39	204	39	4	270	73	50	118	54	674	491	444	135	139	71
TMA46	201	74	181	292	124	76	437	74	147	266	141	166	1025	727	727	232	247	141
TMA64	242	467	4	98	110	24	180	169	82	96	179	29	766	544	653	158	177	118
TMA7	0	0	0	0	0	0	0	0	0	0	0	2	2	0	0	0	0	0
TMC1	14	41	88	38	79	74	40	16	88	69	73	120	535	471	399	110	114	49
TMH18	101	20	4	34	112	19	50	508	50	35	154	3	601	543	420	121	144	49
TMN2	1513	1145	1520	1119	662	715	1789	971	856	1302	712	1003	2166	1158	1574	909	713	423
TMN3	12406	12138	26588	11556	10378	13355	9355	6785	12829	12115	10422	19437	7260	6187	8242	10582	12038	9803
TMT1	1021	592	575	885	478	291	1292	606	224	1043	578	346	3367	2423	2335	655	712	317
TNA1	0	0	0	0	0	0	0	0	0	0	0	0	0	8	0	0	0	0
TOF1	520	379	441	333	197	244	220	96	221	289	226	408	1475	1103	1150	514	554	254
TOG1	1804	1639	2576	1351	1199	1073	1701	1097	831	1810	1148	1792	7262	5942	5454	1656	1750	777
TOH1	771	904	383	324	276	169	381	558	149	376	347	158	814	615	646	347	484	241
TOK1	722	637	1517	434	579	863	951	1137	1020	567	622	1322	1696	1286	1444	576	464	237
TOM1	2	14	16	0	23	11	5	16	10	5	40	23	186	121	130	50	79	33
TOM6	57	50	140	37	31	29	68	41	105	27	34	90	352	285	276	68	113	25
TOM7	395	41	149	68	89	80	94	32	62	90	121	96	362	254	254	220	175	84
TOM70	0	0	0	0	0	0	0	0	0	0	0	0	0	0	0	1	0	0
TOM71	3	1	0	0	0	1	0	0	0	2	1	1	0	0	0	0	0	0
TOP1	0	0	0	0	0	1	0	0	0	0	0	0	0	0	0	0	0	0
TOR1	484	1819	580	520	615	262	600	398	300	577	650	264	2124	1340	1585	853	690	280
TOR2	0	0	0	0	0	1	0	0	0	0	0	0	0	0	0	0	0	0
TOS1	0	0	0	0	1	0	0	0	0	0	0	0	0	0	0	0	0	0
TOS3	510	1530	2285	276	1160	1082	461	878	1827	281	1251	1346	1197	961	871	671	1359	563
TOS4	38	11	109	39	18	8	33	24	21	55	3	31	113	85	105	71	28	18
TOS6	100	349	73	62	160	55	182	293	36	147	202	63	958	753	734	181	185	105
TPA1	230	418	1357	212	301	480	336	445	440	257	301	656	1373	747	1055	737	714	412
TPH3	137	739	1890	357	426	205	343	620	415	449	562	392	2248	1791	1699	542	532	281
TPI1	0	0	0	0	0	0	0	1	0	0	0	0	0	0	0	0	0	0
TPK1	6479	4777	19963	5716	4190	9182	7168	5107	11022	6306	4325	14158	3023	1774	3078	3492	2639	2614
TPM1	2	0	1	40	6	0	0	15	0	22	11	1	171	179	137	44	42	12
TPM2	45	184	1	17	18	2	63	86	1	47	32	0	434	256	268	79	110	38
TPO1	1302	4819	4180	1120	1921	1797	1510	2162	1734	1588	2229	1986	1333	994	1063	2026	2760	1272
TPO4	3076	2948	3529	2490	1436	1854	3634	2003	2427	2963	1690	2550	8220	4882	5788	3240	2558	1499
TPO5	158	13	218	189	26	104	386	8	203	144	52	202	708	452	523	159	216	91
TPP1	1832	646	1853	1418	657	980	997	434	814	1317	614	1220	1417	841	1210	1229	896	470
TPS2	92	461	393	141	397	326	191	371	423	114	405	453	203	218	135	209	748	226
TRI1	947	137	59	199	65	78	274	39	94	215	82	67	714	487	523	171	184	76
TRK1	79	1088	160	82	468	233	93	809	291	110	562	224	638	687	372	416	707	222
TRK2	1564	1697	1702	1151	1240	1009	822	899	875	1096	1282	1654	1931	1316	1512	1512	1826	941
TRM1	414	198	60	60	50	43	48	141	98	59	55	44	499	454	401	85	103	53
TRM10	4083	2920	6160	4306	2905	3641	3941	2111	2364	5294	3070	4851	4383	3595	4815	7098	5098	3092
TRM11	465	565	541	324	312	431	394	326	438	305	332	601	1349	723	949	598	456	281
TRM12	987	465	701	617	415	312	490	344	448	669	424	442	1934	1384	1581	685	747	371
TRM13	21	42	10	44	36	2	14	30	0	40	10	11	169	130	127	25	39	17
TRM2	435	198	535	185	156	241	347	121	249	269	144	328	1090	536	695	395	302	172
TRM3	2255	891	2763	1720	1185	1531	1887	724	1205	2034	1234	2597	2770	1590	2228	2653	1920	797
TRM44	0	0	0	0	0	0	0	0	0	0	0	0	0	0	1	0	0	0
TRM7	88	20	1	23	8	0	59	6	0	17	26	1	137	128	99	22	52	21
TRM732	389	291	202	379	327	183	294	284	262	374	300	326	1405	1145	1246	339	379	143
TRM8	47	198	277	56	52	167	133	55	284	143	104	296	678	600	604	138	173	64
TRP1	1960	893	2480	983	436	773	1293	558	821	1238	682	1190	1363	967	1415	1995	1432	826
TRP2	78	21	40	41	4	16	73	26	38	45	5	34	249	204	203	61	80	35
TRP3	785	363	1092	651	298	323	805	360	367	753	440	831	1021	855	774	901	1030	669
TRP4	0	42	4	10	44	15	0	0	1	10	18	30	111	77	74	18	17	2
TRR2	0	0	0	0	1	0	0	0	0	0	0	0	0	0	0	0	0	0
TRS33	1	198	20	30	189	73	2	16	32	50	136	144	638	484	493	107	140	54
TRS65	0	0	0	0	0	0	0	0	0	0	0	0	3	0	0	0	2	0
TRS85	33	16	7	72	40	61	83	63	12	103	22	56	602	430	423	122	136	56
TRX1	0	0	0	0	0	0	0	0	2	0	0	0	0	0	0	0	0	0
TRX2	4	26	69	603	521	251	14	6	4	533	450	756	569	398	542	446	520	208
TRX3	95	150	392	91	128	79	80	218	53	100	76	150	643	458	452	155	163	67
TSA1	1	1	0	4	14	2	0	0	1	15	12	2	361	269	337	123	76	45
TSA2	31	10	31	23	13	6	18	15	16	27	10	14	47	36	46	30	14	6
TSC11	0	0	0	0	0	0	0	0	0	0	0	0	0	0	0	0	1	0
TSL1	243	0	32	175	0	13	135	2	38	117	2	44	306	242	258	99	59	28
TSR2	69	30	112	154	53	70	129	199	27	201	32	98	1041	1056	828	313	341	115
TSR3	52	177	52	135	55	42	157	37	26	126	46	136	976	924	700	274	417	129
TUB3	65	153	117	35	53	66	29	58	43	25	33	114	529	421	342	97	78	39
TUF1	0	0	0	2	0	0	0	0	0	0	2	0	4	24	2	0	6	0
TUL1	2	100	67	11	58	19	110	133	78	27	88	25	475	356	287	106	117	29
TUP1	0	0	0	0	0	1	0	0	0	0	0	0	0	0	0	0	0	0
TUS1	20	9	88	80	76	113	47	25	14	69	66	182	733	666	544	170	212	108
TVP15	163	153	100	102	59	32	120	153	34	123	56	67	371	287	250	90	81	47
TVP18	0	0	0	0	0	2	0	1	0	0	0	0	16	52	24	2	3	0
TVP38	113	51	905	147	97	101	117	117	67	150	135	161	398	274	339	106	99	53
TVS1	1993	273	790	470	464	312	302	514	270	664	503	294	598	526	468	599	730	176
TWF1	5648	4934	11218	4322	4360	5008	3392	2635	5009	4471	4123	7781	2749	1794	3028	5133	4108	3099
TYE7	268	278	128	135	49	42	203	80	76	229	68	42	693	552	536	164	217	82
TYR1	0	16	0	0	0	0	4	2	2	0	0	6	3	10	4	4	0	2
TYW1	926	248	563	429	313	149	634	250	313	404	255	232	1751	1245	1243	453	405	213
UBA1	0	0	0	0	0	0	0	0	0	1	0	0	0	0	0	0	0	0
UBA3	273	3	2	46	40	11	53	10	20	56	24	56	130	208	201	41	82	27
UBA4	0	0	0	0	1	0	0	0	12	0	0	18	137	129	109	29	51	16
UBC12	929	880	666	541	685	273	741	548	359	592	549	449	1492	976	1248	723	656	314
UBC4	13	21	24	41	20	18	31	29	42	26	6	13	172	131	110	72	104	40
UBC5	608	120	184	136	134	144	292	194	144	224	116	212	793	520	519	208	217	93
UBC7	646	310	719	637	228	235	562	162	236	672	232	383	2424	1510	1870	602	565	308
UBC8	68	10	5	122	22	1	133	32	0	103	47	0	315	233	238	106	56	28
UBP1	882	3097	3664	1322	2720	1763	1082	1694	1631	1462	2497	2461	1008	923	803	1387	3238	1160
UBP11	963	1265	2282	1021	677	817	669	988	937	984	695	1747	621	380	582	989	947	792
UBP12	473	525	739	344	580	286	271	496	347	324	601	512	1025	740	606	634	861	313
UBP14	0	65	17	1	57	20	2	11	47	3	75	85	194	134	166	20	40	9
UBP2	662	478	677	247	168	251	449	222	468	322	162	394	557	442	432	347	417	165
UBP3	48	125	255	94	161	31	37	52	56	51	164	28	495	670	392	155	230	102
UBP6	60	140	226	115	156	101	117	52	191	233	150	263	858	627	636	403	371	157
UBP7	554	179	245	469	327	312	477	139	144	594	280	444	2033	1289	1499	826	576	251
UBP8	18	96	135	27	103	135	26	69	49	57	69	217	822	472	577	320	239	141
UBP9	34	100	248	190	191	90	235	140	82	169	157	71	920	890	808	189	208	88
UBR1	47	14	0	4	18	38	14	0	28	0	21	30	83	85	74	8	17	8
UBR2	237	163	83	210	296	140	89	162	62	327	226	299	1425	1304	1074	216	223	110
UBS1	167	307	1	99	136	11	155	151	7	133	107	17	373	314	349	122	114	65
UBX2	1	0	0	0	22	0	0	9	2	0	24	0	99	162	52	37	59	10
UBX4	0	0	1	1	1	0	0	0	0	0	2	0	65	78	47	10	12	11
UBX5	1798	3554	3751	2597	2994	1760	1701	2054	2195	2421	2618	3465	5278	3777	4541	3717	3473	1885
UBX6	245	424	280	142	132	76	178	142	83	139	134	101	953	698	663	219	199	104
UBX7	104	55	323	126	56	68	87	80	98	141	72	116	698	471	441	172	137	79
UCC1	596	1414	2191	607	1334	854	697	1155	1005	686	1212	1075	686	598	487	606	1489	511
UFD2	40	36	193	21	54	13	30	35	60	27	58	95	90	62	52	69	128	67
UFD4	405	466	339	73	154	161	111	159	175	156	205	172	574	433	463	260	271	91
UGA1	1740	1040	3472	1577	1458	1455	1030	977	1366	1556	1358	2126	1181	764	1144	1541	1367	1178
UGA2	77	153	10	44	70	38	66	201	2	54	120	73	295	200	212	57	84	36
UGA3	194	75	76	95	46	54	120	52	30	75	79	72	403	355	254	77	83	51
UGA4	14	4	11	6	8	4	12	2	9	6	6	12	17	17	10	2	2	6
UGX2	149	94	65	147	92	143	124	70	236	182	80	181	781	534	523	194	172	67
UIP3	46	55	274	163	242	159	82	40	33	140	205	309	653	459	566	293	237	131
UIP5	182	360	822	249	296	221	264	387	693	348	319	257	989	769	933	406	386	159
ULI1	1102	1719	1914	887	921	702	1068	948	624	985	896	1256	2750	2376	1542	1276	1704	575
ULS1	445	1857	1370	419	795	646	404	1194	551	475	915	722	1118	972	756	825	1539	596
UME1	80	104	16	50	33	12	76	22	15	62	43	99	492	468	299	102	135	53
UME6	0	0	0	0	0	0	0	0	0	0	0	0	52	74	30	10	45	2
UNG1	5042	4633	10586	4534	4214	3694	3609	2587	3289	5144	4357	6848	3208	2151	3024	5979	5237	4066
UPA1	162	170	176	209	155	129	249	180	190	262	148	280	1699	1318	1095	300	408	139
UPA2	520	125	366	265	192	70	411	232	121	388	168	166	2157	1629	1239	395	409	200
UPC2	786	251	1089	442	413	231	670	403	386	673	377	653	945	519	657	799	667	520
UPF3	440	2418	1337	225	1084	827	282	507	896	292	955	987	984	846	668	1030	2919	790
UPS1	10	29	1	31	59	8	12	34	11	23	62	6	261	232	220	229	408	118
UPS2	22	319	320	48	196	59	94	201	93	98	168	141	756	646	660	202	240	83
UPS3	729	590	1375	776	741	413	773	635	450	677	539	941	755	652	717	779	1092	426
URA1	2537	1798	4645	2185	1934	1014	1883	1643	1204	2447	2040	2919	2386	1991	1765	3521	3846	2979
URA10	147	120	137	145	49	110	228	141	47	165	94	92	810	569	577	119	160	71
URA4	23	42	28	76	55	26	4	34	25	87	51	20	316	345	178	99	96	29
URA5	860	578	1218	397	294	286	1007	588	667	581	349	584	1627	1051	950	595	505	335
URA8	661	1777	1597	463	1625	624	570	1226	780	538	1571	701	518	498	387	593	1392	553
URC2	2	0	0	0	4	0	2	0	0	2	0	0	4	0	0	0	0	0
URH1	49	22	419	75	63	115	43	49	96	77	37	168	596	363	399	130	110	69
USA1	173	320	238	154	96	67	164	69	120	203	151	110	934	642	590	246	249	119
USE1	0	0	0	1	0	0	0	0	0	0	0	0	0	0	0	0	0	0
USO1	0	0	0	0	0	0	0	0	0	0	0	0	0	1	0	0	0	0
USV1	690	103	64	207	28	75	330	31	128	209	43	65	511	281	438	128	93	91
UTH1	50	14	68	221	124	115	12	4	50	217	71	267	756	654	503	424	392	157
UTP14	0	0	0	0	0	0	0	0	0	0	0	1	1	0	0	0	0	0
UTP23	0	0	0	0	0	1	0	0	0	0	0	0	0	0	0	0	0	0
UTP30	1036	2266	1916	735	1655	756	800	1684	775	783	1750	1044	1250	798	812	893	1552	766
UTP9	0	0	0	0	0	0	0	0	0	1	0	0	0	0	0	0	0	0
UTR2	1116	756	937	567	262	218	1013	267	308	838	275	442	2534	2080	2005	560	651	246
UTR4	188	320	37	132	130	76	145	214	147	132	146	198	997	922	723	277	236	133
VAB2	748	1061	800	422	1084	554	482	1125	416	524	1045	746	1880	1882	1086	1011	1754	471
VAC14	90	8	2	28	0	13	26	0	12	46	6	13	235	268	237	88	120	71
VAC17	18	6	23	9	6	4	6	15	0	18	10	14	38	29	28	27	15	7
VAC7	3	0	0	2	0	0	0	2	0	0	0	0	10	5	0	2	0	0
VAC8	1386	2114	1819	1264	2259	809	1593	2314	858	1395	3050	1556	459	562	330	1648	5504	1336
VAM10	71	10	45	52	53	38	73	61	46	106	26	56	386	294	240	50	116	40
VAM3	1	0	1	0	0	2	0	0	0	2	0	8	88	173	69	18	46	6
VBA1	89	45	49	2155	894	456	42	13	28	1959	852	1218	2189	1467	1941	1455	1402	475
VBA2	105	77	185	142	72	47	157	166	45	152	126	91	569	422	410	148	151	127
VBA3	0	22	146	0	48	39	2	22	31	2	31	19	582	355	381	133	152	40
VBA4	249	365	345	137	157	102	198	170	136	245	198	171	897	787	832	262	317	97
VBA5	91	127	74	94	104	24	61	57	35	124	79	60	728	531	511	174	151	83
VEL1	1730	1535	3803	1874	1225	1462	1710	927	1244	1858	1334	2647	1600	1178	1468	1732	1581	1332
VFA1	478	282	536	4120	2482	1402	450	354	136	3700	2293	3399	4715	3423	4293	3125	2940	1234
VHC1	2041	1631	3351	1474	918	1253	2256	991	1752	1736	1023	1463	4452	2957	3434	2420	1646	925
VHR1	125	471	735	3583	4049	944	114	383	85	3567	3257	2181	4811	3505	4618	3254	3096	1197
VHR2	66	45	143	81	69	75	153	44	100	58	68	89	445	321	403	101	120	66
VHS1	240	842	954	288	980	513	356	678	399	392	976	798	1043	998	658	848	1736	675
VHS2	63	204	694	156	124	166	137	128	222	99	126	203	234	222	175	134	203	87
VHS3	0	0	4	0	9	0	0	8	2	0	2	1	22	18	20	4	12	4
VID22	0	0	0	0	0	0	0	0	0	0	0	0	0	2	0	0	0	0
VID24	1	0	0	0	0	0	0	0	0	0	0	0	0	0	0	0	1	0
VID30	209	247	107	175	206	114	276	259	74	294	217	198	1167	894	756	258	290	126
VIK1	422	79	73	153	167	52	200	108	146	235	185	76	615	422	489	158	189	70
VIP1	0	0	12	0	4	11	2	3	0	7	1	14	147	140	79	16	30	22
VLD1	1064	608	840	455	373	363	524	335	414	522	294	674	280	192	247	375	395	216
VMA3	0	0	0	0	0	0	0	0	0	0	0	0	1	0	0	0	0	0
VMR1	158	161	822	290	419	260	109	211	284	271	386	595	614	323	444	469	491	345
VMS1	16	217	60	54	160	21	81	94	4	57	148	8	784	741	619	223	329	91
VNX1	48	14	111	80	28	98	111	47	6	97	26	270	1011	775	804	225	260	104
VOA1	6	18	40	14	12	8	3	3	6	2	28	33	52	65	23	12	44	18
VPR1	2755	2788	5891	2754	2331	2579	2365	1636	2316	3012	2209	4178	1791	1184	1717	2830	2463	1987
VPS1	0	14	0	2	30	14	6	3	8	10	34	8	155	189	117	19	76	39
VPS13	2	2	10	2	0	2	0	4	2	0	0	3	17	12	6	2	4	2
VPS16	0	0	0	0	0	0	0	0	1	0	0	0	0	0	0	0	0	0
VPS17	318	49	66	116	20	47	139	94	76	220	32	82	456	327	320	101	50	32
VPS20	0	0	0	0	0	2	1	0	0	0	0	0	78	84	38	8	24	6
VPS24	436	97	190	89	94	114	159	93	10	150	118	221	113	119	93	462	505	220
VPS25	0	33	1	0	9	1	0	0	2	3	20	1	133	139	90	24	48	6
VPS27	0	0	0	0	2	7	0	0	6	1	0	7	30	67	36	11	22	8
VPS29	82	249	905	184	401	473	139	250	564	248	396	563	748	425	628	577	536	322
VPS30	34	225	38	109	166	89	11	150	85	107	174	66	383	375	290	87	213	89
VPS35	106	72	213	42	144	108	96	157	125	105	129	78	353	231	172	112	132	78
VPS36	0	6	0	2	19	1	3	0	0	2	7	0	128	134	96	17	32	2
VPS38	102	100	54	137	82	14	350	116	85	175	88	13	614	441	379	163	221	91
VPS41	0	0	0	0	0	0	0	0	0	0	0	0	2	0	0	2	0	0
VPS45	0	0	0	0	0	0	0	0	0	0	0	0	0	1	0	1	0	0
VPS5	0	57	75	2	34	15	6	166	83	5	36	5	178	136	106	26	42	19
VPS501	774	274	924	387	286	257	430	217	373	458	256	445	960	675	723	282	516	222
VPS51	32	0	37	10	2	50	15	2	24	38	0	133	231	218	175	20	52	15
VPS52	0	111	133	26	87	42	7	54	65	28	65	121	187	616	243	124	363	65
VPS60	66	66	22	46	72	16	25	50	2	55	50	38	279	283	266	98	81	39
VPS61	6	12	71	10	11	18	19	37	0	15	15	101	110	139	64	30	25	14
VPS62	1172	470	621	812	344	435	754	361	490	807	345	463	1598	961	1151	787	681	357
VPS63	0	12	1	2	0	1	1	3	0	6	16	1	73	75	83	23	30	13
VPS65	0	2	0	2	4	1	0	0	1	12	2	1	342	366	257	74	104	31
VPS68	1786	1995	3360	693	1460	1346	747	1152	1438	969	1671	1555	544	355	283	1213	2199	845
VPS70	1068	1857	3324	644	1502	1241	786	1489	1617	726	1393	1469	1540	1025	867	1178	2276	885
VPS71	1	20	183	8	8	12	18	32	30	16	16	34	77	62	70	32	41	32
VPS74	30	2	30	26	21	6	51	18	1	32	16	10	138	99	103	53	29	17
VPS75	0	0	0	0	0	0	0	0	0	1	0	0	0	0	0	0	0	0
VPS8	15	70	89	170	108	94	21	4	58	105	99	211	354	235	289	218	322	195
VRL1	1622	1347	2651	2059	1107	1008	1582	719	1048	2025	1065	1229	1472	866	1350	1692	1403	696
VSB1	361	308	683	470	273	390	285	683	366	458	409	467	1418	893	1034	521	432	238
VTA1	1	49	136	8	31	37	107	101	61	35	34	31	260	197	257	58	58	37
VTC1	7	54	0	58	57	15	46	7	17	74	60	8	444	267	313	83	88	42
VTC2	144	191	39	142	278	33	134	129	22	172	258	66	303	280	241	131	177	70
VTC4	326	264	333	320	421	104	355	157	200	358	480	234	2791	2139	2122	526	538	294
VTC5	258	3	240	125	37	37	154	32	42	58	26	66	556	494	526	148	138	99
VTH1	782	591	391	369	258	258	597	200	345	487	239	369	2598	2250	2038	557	580	273
VTS1	186	206	22	198	99	67	384	36	138	234	98	76	1064	1325	750	194	290	116
VVS1	2645	2173	2882	2395	2084	1817	1721	1659	1412	2287	1986	2705	1204	929	1108	1662	2486	1196
WAR1	2	0	6	2	0	2	3	2	0	2	1	0	2	0	0	4	2	0
WBP1	0	0	0	0	0	0	0	0	0	1	0	1	0	0	0	0	1	0
WHI4	1340	1578	2797	964	1051	694	1351	1284	1171	1245	982	1406	3982	3513	3335	1079	1005	462
WHI5	922	1307	658	436	604	279	493	445	457	451	555	393	1208	1009	1034	629	751	333
WRS1	0	0	0	0	0	0	0	0	0	0	0	0	1	0	0	0	0	0
WSC2	350	435	393	800	637	303	354	282	434	714	679	415	2184	1739	1709	861	906	481
WSC3	17116	14676	33001	15948	11178	13566	12806	7993	12246	17173	11333	23711	7770	5914	8169	14339	12986	10812
WSC4	8683	6260	20125	7812	5393	6346	6691	3595	6845	8547	5313	14365	5006	3284	4359	7713	6838	7099
WSS1	32	12	0	10	9	0	2	36	0	14	6	1	99	63	78	34	32	8
WTM1	623	1607	1464	778	1419	830	561	695	735	748	1308	1005	619	517	515	899	1310	564
WTM2	332	310	1110	311	406	655	363	327	855	282	415	785	1102	664	760	814	951	401
WWM1	289	129	185	245	83	90	337	52	96	276	87	157	636	395	479	230	175	75
XBP1	72	25	86	957	591	489	41	14	31	856	410	942	609	393	522	613	727	375
XDJ1	190	203	652	198	287	88	317	244	233	240	303	217	940	738	697	386	402	232
XKS1	132	30	108	67	47	31	124	22	58	109	39	43	229	204	146	46	75	41
XPT1	366	480	1259	303	494	298	524	267	346	319	462	450	2180	1796	1629	523	540	248
XRS2	0	0	0	0	0	0	0	0	1	0	0	0	4	6	10	6	2	0
XYL2	1224	1175	771	1560	1353	729	1056	657	610	1393	1380	1364	1447	891	1373	1442	1267	859
YAF9	1497	767	221	659	318	230	1079	616	89	960	400	260	289	323	221	1494	1816	492
YAH1	0	0	1	0	0	0	0	0	0	0	0	0	0	0	0	0	0	0
YAK1	501	675	1259	616	678	535	628	312	431	596	498	820	368	252	369	437	623	345
YAL004W	554	1108	2083	615	831	805	549	523	770	657	679	1279	959	753	773	846	1301	598
YAL016C-B	27	4	12	7	2	3	12	16	6	11	8	2	25	14	10	8	10	2
YAL035C-A	0	0	0	0	0	0	0	0	0	0	0	0	0	0	0	1	0	0
YAL037W	1231	654	1704	898	476	616	1582	484	1013	1226	460	847	2454	1340	1846	1147	852	541
YAL043C-A	0	0	2	0	2	0	4	0	0	0	0	2	14	1	6	0	2	2
YAL045C	415	2749	2009	474	1737	1032	524	1560	1176	433	1761	1414	1099	999	777	756	1768	626
YAL056C-A	105	40	1	61	73	0	111	42	0	83	62	1	287	314	152	117	180	31
YAL058C-A	0	0	0	0	0	0	0	0	0	0	0	0	0	0	0	2	0	0
YAL065C	3865	5006	9586	3233	4698	4257	3538	3923	4057	3632	4557	5663	8877	6726	6343	4070	6770	3170
YAL066W	4073	2924	4035	2985	2389	2162	3039	1591	1804	3113	2297	3216	6354	4225	5170	3968	3470	1857
YAL067W-A	1	1	3	2	1	1	0	2	1	0	0	3	1	1	0	0	0	0
YAP1	476	4984	2559	521	2985	1089	1044	4256	1278	689	3527	1174	812	1072	664	2266	6485	1769
YAP1801	1469	2484	5681	981	2981	2255	946	2405	2787	891	2694	2877	2296	1586	1443	1867	2900	1460
YAP3	1542	1326	1666	767	623	729	810	495	591	970	817	891	1535	763	1150	1230	1014	427
YAP5	4790	3079	6483	3895	2346	2983	3130	1614	2297	4070	2129	5020	4361	3664	3980	4373	7754	3874
YAP6	3082	4648	7945	4111	4410	3698	3372	4011	3331	3580	4417	5367	2641	1784	2366	3770	5889	3216
YAP7	112	345	181	184	199	32	292	238	21	223	224	19	727	564	618	174	197	66
YAR030C	1375	652	1168	468	416	450	567	543	382	569	426	439	1091	785	681	644	744	307
YAR035C-A	4810	8313	14616	8427	9712	8842	4806	5439	6869	9590	10042	14732	15100	11349	10968	9157	12962	5570
YAR037W	1266	2142	3419	904	2032	1191	1037	1578	1525	948	1863	1614	1119	1050	695	870	2220	941
YAR040C	10266	9207	20629	9525	8329	9931	6643	4612	8483	9587	7883	15811	6321	4445	5855	10083	9033	6925
YAR043C	1675	1010	2134	1263	913	782	1159	662	818	1323	1029	1353	3361	2076	2628	1717	1201	712
YAR044W	502	333	1120	452	525	465	511	229	261	479	607	641	1583	1219	1127	608	913	407
YAR047C	1065	606	1960	702	734	1023	889	585	841	692	646	1324	1755	1226	1043	1063	1137	619
YAT1	274	732	728	366	732	689	468	679	649	289	711	638	641	552	395	472	1056	397
YAT2	218	211	210	65	131	65	28	134	106	79	114	37	578	514	493	148	141	110
YBL008W-A	147	89	499	118	117	35	187	152	119	134	152	148	735	526	425	181	213	174
YBL029C-A	18504	13978	36317	15364	11955	10527	13950	10322	13311	16327	13073	24397	12948	8340	10523	17577	15239	12962
YBL055C	0	0	0	0	0	0	0	0	0	0	1	0	0	0	0	0	0	0
YBL071C-B	162	211	192	196	142	23	142	72	112	183	134	51	2775	2715	1935	468	546	196
YBL096C	16	30	69	10	55	6	8	22	15	15	33	43	23	22	13	19	44	27
YBL100C	0	0	0	0	0	0	0	0	0	0	0	0	0	0	2	0	0	0
YBL101W-C	367	124	557	246	140	139	258	116	239	269	144	343	1317	921	795	283	263	169
YBP1	779	1090	1343	1238	949	669	994	485	637	1137	932	1143	888	676	788	838	895	596
YBR012C	697	1812	2679	511	1382	1025	712	926	856	671	1277	1488	769	462	508	799	1255	621
YBR013C	57	82	189	92	94	33	126	121	83	78	106	39	325	293	322	80	107	29
YBR016W	299	153	99	280	184	116	289	89	78	302	294	81	1085	778	841	204	257	115
YBR027C	294	6	201	130	13	83	154	29	189	188	28	131	537	408	452	129	135	47
YBR032W	0	0	0	0	0	0	0	0	0	0	1	0	0	0	0	0	0	0
YBR051W	79	27	135	140	88	26	76	34	87	122	84	49	400	231	245	77	109	33
YBR053C	34	36	30	71	54	16	48	4	51	91	21	23	251	200	188	35	91	20
YBR062C	127	0	2	53	0	4	83	0	42	76	2	2	253	188	228	81	72	16
YBR064W	263	394	763	429	382	748	674	321	437	703	595	653	983	695	617	710	705	319
YBR071W	121	6	74	38	17	10	90	28	71	38	10	34	133	124	80	26	24	2
YBR072C-A	3429	1667	2136	2518	1271	1081	3203	1212	1786	2676	1111	1832	7185	4572	5619	2607	2317	1144
YBR075W	48	2	44	52	1	52	127	7	105	48	10	101	110	116	133	32	40	17
YBR085C-A	617	167	897	454	462	336	508	467	442	480	419	536	4301	2984	2870	1461	1655	774
YBR090C	78	287	870	214	231	370	292	247	417	346	218	656	1991	1688	1531	408	499	247
YBR099C	1727	1283	2590	1756	1401	1297	1350	892	1018	1872	1561	2148	1642	1417	1928	2496	2686	1854
YBR100W	857	746	393	856	578	411	594	415	288	795	462	456	1711	1239	1346	1254	1114	522
YBR113W	19	2	25	6	10	2	18	6	6	11	8	13	5	0	2	6	12	8
YBR116C	52	77	28	49	97	28	38	71	22	46	103	18	383	309	307	73	106	29
YBR134W	196	358	86	160	223	81	218	360	117	198	170	149	290	271	331	160	205	91
YBR137W	94	109	118	63	86	71	68	68	46	46	42	46	535	413	406	102	147	73
YBR138C	84	78	42	1699	1619	520	35	34	10	1760	1463	1290	2443	1736	2379	1669	1608	657
YBR144C	0	0	2	2	0	0	2	0	4	0	2	0	1	0	0	0	0	6
YBR174C	0	0	0	0	0	0	0	0	0	2	0	0	4	2	12	2	4	2
YBR182C-A	1259	2370	5619	1115	2782	1281	1416	2942	2216	1201	3082	3077	1558	1318	910	1308	2902	1586
YBR184W	19	67	275	84	59	97	95	69	50	58	54	104	377	310	287	95	84	54
YBR196C-A	0	0	0	0	0	0	0	0	0	0	0	0	1	0	0	0	0	0
YBR197C	999	471	793	555	194	374	730	265	449	741	272	623	1800	1115	1289	484	425	251
YBR200W-A	36593	30239	73572	31621	25213	26411	26768	17324	26713	33928	24623	47573	20603	14874	20203	35577	29845	23762
YBR206W	2330	5052	6324	1488	3423	2454	1931	2962	3120	1695	3346	2794	1935	1734	1402	1835	4051	1277
YBR220C	576	1766	2334	250	1048	453	353	1113	647	316	1062	883	724	637	509	520	1384	528
YBR224W	1485	363	1359	470	449	667	823	1009	819	619	442	807	2435	1365	1522	752	570	347
YBR225W	266	569	367	104	353	104	273	639	279	99	300	152	458	468	264	197	467	159
YBR226C	215	83	579	309	78	182	129	26	376	251	86	249	455	429	284	274	390	195
YBR232C	582	176	532	306	56	85	282	224	90	344	110	225	830	606	668	143	168	80
YBR238C	193	896	711	341	586	465	229	260	449	332	415	548	775	615	605	932	1496	573
YBR242W	1871	1676	3494	1329	1847	1371	1826	1545	1654	1540	1857	1705	2038	1665	1730	1889	2545	1078
YBR259W	1649	2794	4091	754	1932	1223	860	1931	1511	874	2006	1491	1355	972	891	1081	2311	807
YBR277C	284	397	230	483	519	247	117	166	55	472	446	300	598	793	542	1401	1442	361
YBR284W	578	1117	858	616	465	395	491	508	550	741	623	521	874	770	687	870	927	284
YBR285W	149	217	109	93	162	87	153	109	99	142	109	131	1026	842	641	252	254	101
YBR287W	189	345	232	30	67	79	20	87	102	67	118	103	552	397	349	111	101	61
YBR292C	1549	2017	4706	2123	1773	2590	2161	1472	2367	2574	1723	3411	4501	3031	3641	3453	3084	1654
YBT1	257	300	4	146	149	18	132	117	26	121	167	61	903	759	637	167	240	89
YCF1	13	50	244	15	25	54	47	8	148	73	33	99	473	515	439	149	182	75
YCH1	253	24	131	202	4	64	447	2	90	241	2	109	770	624	562	194	189	89
YCK1	167	133	30	102	66	53	86	81	66	62	61	101	317	207	255	122	142	50
YCK2	1257	2043	3013	1731	1495	1295	1513	1582	1486	1453	1469	1836	2200	1596	2236	1821	1791	1294
YCK3	158	148	108	56	76	36	56	83	24	80	55	52	460	326	352	103	120	41
YCL001W-A	0	0	0	0	0	0	0	0	0	0	0	0	0	0	0	0	0	1
YCL001W-B	1042	603	897	574	478	497	672	437	551	735	478	648	2966	1890	2075	942	707	387
YCL002C	1	0	1	0	0	0	0	0	0	0	0	0	0	0	0	0	0	0
YCL006C	1325	671	1419	1413	844	743	1190	549	750	1327	721	1198	2489	1534	2004	1630	1467	835
YCL012W	852	671	1180	955	422	622	969	308	487	890	454	1007	672	466	586	865	843	556
YCL013W	56	52	275	60	61	52	80	75	34	102	78	34	342	293	279	76	80	49
YCL021W-A	9450	7390	11889	11203	7827	6157	9894	5296	5556	11118	7440	8377	14490	8789	12391	11959	9409	5012
YCL022C	89	264	55	42	61	50	78	109	71	82	119	63	449	427	327	112	112	44
YCL023C	155	201	56	216	40	14	183	90	34	207	71	24	391	344	291	92	115	29
YCL026C	949	588	844	837	715	460	816	307	379	867	644	653	961	523	870	950	672	321
YCL046W	39	27	267	87	127	66	107	37	114	113	145	125	954	840	694	194	231	66
YCL049C	383	38	22	119	60	34	133	153	46	174	72	35	429	274	326	84	83	31
YCL062W	27	32	44	51	26	58	30	104	93	67	41	104	360	348	306	223	245	137
YCL074W	810	843	848	256	1072	562	288	1022	669	207	1000	737	1128	991	698	533	1159	363
YCL075W	193	151	124	1590	829	683	140	60	28	1678	814	1579	3145	2428	2671	1814	1689	778
YCL076W	97	238	433	150	159	167	153	107	149	175	146	273	997	778	688	252	291	132
YCP4	0	0	0	0	0	0	0	0	0	0	0	0	14	18	15	12	13	0
YCR001W	84	27	2	19	9	6	33	61	6	33	16	6	69	76	36	12	21	6
YCR006C	0	0	0	0	1	0	0	4	0	0	5	0	6	8	8	0	0	2
YCR016W	125	137	452	96	182	86	83	297	122	117	177	101	862	703	593	166	207	59
YCR022C	0	10	0	0	2	0	0	10	0	1	12	1	36	20	30	1	4	2
YCR023C	4	3	41	86	131	116	57	2	110	100	105	168	1209	696	812	237	273	131
YCR025C	93	131	91	152	177	41	151	168	107	183	153	53	253	184	173	309	286	100
YCR043C	1386	1729	4167	994	804	1385	1461	915	1645	1056	895	1484	1872	1307	1389	1275	1478	670
YCR049C	859	628	776	579	393	348	796	456	435	705	508	418	2193	1169	1480	846	608	428
YCR050C	398	287	56	233	177	147	313	120	170	266	171	86	408	280	283	532	529	179
YCR051W	2	2	1	85	13	13	86	7	9	84	32	11	417	374	291	51	72	55
YCR062W	9	26	129	22	32	10	20	29	21	29	14	26	276	242	181	78	48	65
YCR085W	537	230	486	331	277	450	221	345	486	409	551	371	573	611	517	718	847	248
YCR087C-A	168	907	1148	384	300	409	355	214	342	452	390	435	681	657	577	712	715	238
YCR087W	422	439	120	411	318	228	359	304	330	488	351	188	521	539	444	475	442	173
YCR102W-A	27	79	270	196	66	123	239	75	96	190	56	72	680	533	448	143	121	61
YCT1	70	68	263	144	220	93	141	112	67	90	205	288	597	291	299	292	245	228
YCX1	0	0	0	0	0	0	0	0	0	0	0	0	0	1	0	0	0	0
YDC1	12452	9208	20552	10636	7143	8605	9915	4890	8381	11143	7031	13431	5280	3707	4829	9939	8365	6295
YDL009C	5	0	0	2	0	0	4	0	0	0	0	0	2	6	2	2	0	0
YDL011C	160	107	98	166	39	84	206	22	107	207	57	118	390	281	284	82	53	39
YDL012C	144	80	110	160	101	114	198	166	69	180	101	150	1021	703	735	276	236	113
YDL023C	0	2	0	2	0	2	2	0	0	2	0	0	0	2	2	0	2	0
YDL026W	4829	6335	11867	5022	4190	5251	4080	2821	5145	5131	4328	7546	3451	2508	3875	6220	5138	3949
YDL032W	0	0	1	0	0	0	0	0	0	0	0	0	8	15	11	0	8	0
YDL038C	406	69	21	62	52	72	85	8	104	94	27	115	473	353	508	103	111	74
YDL041W	12	6	1	294	215	28	8	0	1	285	183	62	932	780	749	374	358	152
YDL050C	2	3	0	2	6	0	7	0	0	5	2	0	13	6	4	0	0	3
YDL057W	0	0	0	0	1	0	0	0	0	0	2	0	43	47	30	4	14	4
YDL071C	297	228	53	159	160	109	232	127	169	158	163	96	689	519	440	148	143	59
YDL086W	216	422	287	316	233	71	390	179	140	281	274	126	1125	909	840	277	219	119
YDL094C	2	0	2	0	0	0	0	0	0	0	0	0	2	0	2	0	0	0
YDL109C	968	2335	1456	1675	1632	1007	721	1070	918	1557	1604	1921	2479	1737	2543	2200	2087	1200
YDL114W	392	59	249	153	48	75	176	36	109	213	38	120	540	495	413	165	145	70
YDL118W	0	2	1	0	10	12	0	22	0	2	19	11	441	224	209	82	86	54
YDL124W	636	201	6	137	73	10	93	49	23	140	86	13	498	400	388	129	104	42
YDL158C	0	0	1	0	0	0	0	0	1	0	0	0	0	0	0	0	0	0
YDL159W-A	2747	4226	6380	1652	3153	2499	2465	4173	2961	1861	3295	2461	6629	5817	4213	3734	5336	1941
YDL162C	123	18	156	123	85	47	137	15	39	130	137	25	687	492	431	113	170	81
YDL163W	0	0	0	0	0	0	0	0	0	0	0	0	0	0	0	0	1	0
YDL172C	0	43	70	27	100	21	30	42	1	39	100	30	353	391	333	70	94	64
YDL177C	2	174	483	59	80	116	4	279	142	58	114	157	802	609	561	148	182	95
YDL186W	797	181	187	242	48	108	765	122	122	295	84	144	896	612	725	201	206	87
YDL187C	16051	14206	27503	13830	10306	13042	10797	6640	12202	14091	9347	20028	6956	5399	7517	14440	12262	8963
YDL199C	122	171	562	234	105	140	256	294	247	180	111	293	1639	1151	1167	329	391	131
YDL211C	804	1561	1674	650	1348	1016	964	1392	1313	764	1124	1167	964	698	603	846	1788	725
YDL218W	759	1169	1981	1084	1373	839	586	881	979	1063	1322	1345	2106	1234	1843	1846	1475	983
YDL241W	868	123	321	435	74	125	857	103	152	545	110	165	1225	1053	968	281	294	156
YDL242W	1184	709	2823	796	559	994	1118	433	1389	1002	576	1283	2813	1707	2281	1176	913	474
YDR003W-A	861	698	1579	958	742	457	1438	915	764	961	939	901	2565	1846	1684	1200	1295	654
YDR008C	0	0	0	0	0	0	1	0	0	0	0	0	30	48	20	3	8	0
YDR010C	59	38	124	79	54	89	76	139	99	123	80	138	1100	924	943	251	262	129
YDR015C	2165	1260	1276	1195	904	868	1533	736	933	1388	725	1160	2767	1817	2251	1942	1633	615
YDR018C	1816	3176	3027	1527	2050	1517	1639	2198	1772	1887	2137	1941	2548	1834	1792	1996	2771	1152
YDR029W	107	118	56	185	179	102	89	130	70	164	124	100	881	642	598	201	239	105
YDR034W-B	0	2	12	5	2	0	10	0	1	4	2	6	0	8	2	2	2	2
YDR042C	0	0	0	0	0	0	0	0	0	0	0	0	68	90	42	12	13	4
YDR048C	160	348	41	57	81	44	142	89	37	74	85	137	259	403	172	129	208	48
YDR061W	1141	1644	1531	361	1144	798	477	1591	932	361	1153	1514	1137	999	735	865	1360	508
YDR094W	0	2	0	0	0	0	0	0	0	0	0	0	2	0	2	0	2	0
YDR095C	407	354	331	209	480	168	335	384	263	328	439	268	1337	1153	1021	332	512	203
YDR102C	292	199	98	209	82	72	256	44	42	250	93	87	744	562	636	185	159	116
YDR109C	1233	820	1784	864	631	576	1093	687	817	1007	570	903	2705	1432	2054	1132	951	499
YDR124W	517	256	189	366	145	123	204	350	148	288	92	280	1164	958	907	296	311	145
YDR131C	615	481	635	490	331	228	602	467	141	544	303	445	1867	1643	1570	582	504	244
YDR133C	202	182	355	100	113	276	160	129	412	198	137	394	866	685	732	283	323	130
YDR149C	0	0	12	1	0	15	0	1	9	0	0	16	122	174	122	47	117	28
YDR154C	870	109	937	545	151	297	644	106	378	542	164	416	1587	1168	1238	749	719	383
YDR157W	0	0	0	0	0	2	0	0	0	0	0	2	2	2	0	0	0	0
YDR194W-A	4837	3526	6036	2938	2440	2525	3413	1879	2947	3312	2259	3880	5177	3261	4369	4139	3079	1500
YDR203W	0	0	0	0	0	0	0	0	0	0	0	0	0	0	2	0	0	0
YDR210W	1743	2678	4720	986	2360	1845	927	2111	1950	1056	2330	2288	1312	1156	880	1371	2840	1159
YDR220C	0	0	0	0	0	1	0	2	0	0	0	0	0	0	0	0	0	0
YDR222W	50	0	2	5	6	6	9	8	0	2	4	6	42	32	25	19	12	6
YDR230W	0	139	0	0	208	0	0	181	0	0	161	0	19	32	21	10	8	8
YDR239C	2	158	4	32	54	7	0	7	30	21	20	44	205	197	184	73	76	26
YDR246W-A	1096	1237	2955	819	1079	1091	849	985	1283	997	1068	1683	1699	1077	1341	1372	1200	775
YDR248C	381	208	274	378	241	234	255	113	49	464	244	296	1160	969	938	393	358	215
YDR250C	748	1389	2493	618	1606	1273	687	1760	1430	633	1522	1542	1138	972	743	1033	2082	911
YDR262W	2090	940	1661	1318	711	904	1837	719	1311	1635	768	1279	4270	2542	2999	1626	1274	808
YDR269C	136	282	93	194	110	96	65	54	64	165	100	167	1493	1212	1172	383	310	172
YDR271C	75	118	96	60	73	17	58	27	7	50	108	55	800	591	471	173	146	81
YDR278C	224	647	898	232	800	381	308	634	446	234	731	612	482	378	267	386	831	345
YDR290W	2063	1764	2549	3383	2948	1855	1380	982	1086	2987	2700	3738	2573	2488	3049	5522	5843	3385
YDR338C	402	333	148	304	193	132	326	135	164	427	252	117	1250	699	902	320	232	94
YDR344C	233	565	1389	149	225	149	206	249	171	170	281	238	1057	951	798	223	338	121
YDR391C	92	76	210	57	52	76	89	114	81	102	72	115	706	435	499	125	114	78
YDR415C	714	2242	4421	766	1327	1775	1053	1729	1864	761	1608	2297	1286	1005	1181	1159	1806	1222
YDR417C	219	21	65	114	97	16	31	87	0	114	56	31	423	411	246	301	482	181
YDR426C	372	197	313	372	195	155	229	113	184	292	172	153	425	291	464	483	435	219
YDR431W	75	226	65	54	169	37	68	142	14	72	107	11	386	306	283	110	128	40
YDR444W	1122	2880	5518	776	2235	2369	1079	2048	3082	942	2306	3043	1100	954	871	1167	2408	1093
YDR445C	1925	4138	6148	1475	2817	2543	1577	3024	2981	1519	2882	3638	1532	1076	1046	1375	3004	1433
YDR455C	20	43	5	47	17	6	19	39	14	72	12	36	328	297	223	40	92	27
YDR476C	0	0	0	0	0	0	0	0	0	0	0	0	2	0	0	0	0	0
YDR491C	27	8	33	7	16	2	8	16	31	17	41	67	62	79	67	28	20	22
YDR509W	159	64	551	225	30	169	461	60	301	284	42	285	849	664	678	286	227	118
YDR524C-B	39	3	2	10	14	4	23	8	13	11	11	2	136	101	89	23	33	17
YDR524W-A	144	39	173	81	51	20	139	94	80	103	49	65	402	316	299	113	142	70
YDR535C	0	0	1	0	0	0	0	0	0	0	0	0	0	0	0	0	0	0
YDR537C	353	43	5	67	34	13	87	25	4	115	60	43	555	475	340	101	92	76
YEA4	66	73	158	2356	1998	1145	70	31	37	2134	1796	2688	2431	1573	2459	2104	2002	1106
YEA6	557	884	1263	560	626	346	661	872	350	637	594	577	1600	1275	1115	544	785	225
YEF1	592	143	378	178	115	55	198	161	59	230	89	64	924	607	730	218	183	91
YEH1	550	985	795	590	577	620	510	898	833	616	717	931	1653	1112	1025	1032	1003	402
YEH2	50	17	66	10	36	46	9	26	53	43	18	76	453	377	412	98	123	50
YEL008W	62	38	9	53	59	23	74	63	42	65	55	10	500	374	346	69	95	62
YEL010W	6	0	0	0	0	2	2	0	0	2	0	0	2	4	7	0	0	0
YEL014C	7	80	126	28	130	77	102	144	90	49	133	89	672	596	556	159	103	80
YEL023C	753	545	1012	356	420	319	713	242	382	535	438	363	2214	1628	1637	450	514	234
YEL025C	61	50	48	30	44	87	24	179	88	26	101	107	201	217	152	127	189	37
YEL028W	14	571	620	141	64	91	47	72	52	140	118	127	916	686	661	147	271	99
YEL045C	0	0	0	6	2	0	0	0	0	10	4	4	2	14	0	2	6	0
YEL067C	142	473	219	283	159	136	287	83	79	271	169	277	1466	1054	1061	303	294	107
YEL068C	114	161	178	1952	2370	854	203	77	62	2022	1881	1895	4073	2955	3327	2062	2104	1000
YEN1	2	83	135	4	13	64	16	2	77	11	6	72	228	153	171	63	41	27
YER010C	179	152	112	157	80	88	167	86	322	183	69	83	811	713	671	143	193	136
YER034W	1304	119	73	196	94	66	243	98	92	233	82	64	456	317	340	75	149	78
YER046W-A	0	0	0	0	0	0	0	0	0	0	0	0	2	0	0	0	0	0
YER066C-A	0	0	0	0	0	0	0	0	0	1	0	0	6	0	0	0	0	0
YER067C-A	127	436	310	120	170	193	129	199	110	78	161	363	833	562	660	155	241	96
YER068C-A	135	64	27	70	67	68	35	26	73	72	28	86	579	530	451	128	123	74
YER079W	203	304	311	144	261	155	258	345	216	226	211	298	528	414	368	226	346	183
YER084W	0	2	6	0	2	0	0	2	8	0	0	2	24	0	19	6	6	2
YER087C-A	127	49	113	40	37	54	49	27	37	57	59	89	226	179	218	47	72	36
YER097W	4153	2936	9915	3020	2604	2862	3045	2411	3725	3059	2876	7146	1687	1075	1539	3230	2486	2204
YER108C	536	280	435	184	71	90	208	70	205	289	123	127	801	637	590	138	167	98
YER121W	151	234	503	209	132	199	236	191	306	240	236	278	1418	1175	1193	331	393	157
YER134C	696	1630	1530	359	991	758	469	1206	767	452	958	1046	1543	1229	1135	724	1363	600
YER135C	131	144	329	206	139	138	115	54	47	209	155	268	1098	848	874	304	298	172
YER137C	1180	1091	1895	1574	1440	1096	1235	912	902	1693	1288	1545	1725	1142	1385	1809	1567	736
YER152C	271	220	225	188	108	54	193	105	48	214	88	57	584	548	466	170	147	67
YER158C	262	265	92	288	189	141	169	224	110	424	206	182	2102	1630	1438	534	516	267
YER181C	1342	1210	1496	456	1067	542	600	890	608	639	904	838	4660	3547	3334	938	1040	561
YER186W-A	3790	2280	3925	1789	1223	1062	3225	2068	1495	1839	1270	2230	6424	4944	4656	1672	1336	696
YER187W	8396	6887	12361	6776	5143	5614	6719	3605	4984	7743	5538	8199	16776	10065	13968	9888	7235	4089
YET2	384	152	820	192	114	132	315	126	120	244	84	170	700	497	519	171	159	75
YFH7	734	1011	1484	414	661	602	777	667	597	553	608	743	1491	1144	1242	755	892	419
YFL006W	63	263	103	106	87	30	151	208	63	128	126	34	586	426	389	171	182	50
YFL012W	55	92	40	86	40	43	80	40	92	81	45	68	481	307	298	86	81	40
YFL013W-A	16	58	9	18	5	15	14	11	55	33	13	25	153	154	68	25	31	8
YFL015C	138	85	108	95	93	59	193	84	39	131	126	55	435	328	297	91	128	56
YFL019C	130	24	70	32	30	42	58	7	62	36	12	62	170	158	127	49	37	33
YFL032W	342	146	450	234	158	186	349	181	189	204	148	245	696	372	460	302	293	209
YFL040W	523	149	258	165	73	97	137	77	93	199	84	85	737	515	556	148	187	63
YFL041W-A	0	0	1	3	6	0	2	0	0	4	3	3	12	3	4	0	14	2
YFL043C	446	1182	1175	498	1091	759	581	925	850	618	962	1022	931	835	607	593	1510	597
YFL051C	116	133	144	147	112	87	196	219	118	159	114	110	924	578	599	129	180	55
YFL063W	316	594	587	540	446	270	867	256	272	590	470	428	3865	2911	2881	721	797	377
YFR006W	726	245	702	242	195	203	411	351	222	270	199	207	1000	762	705	241	269	94
YFR012W-A	1487	912	612	239	438	388	217	467	542	270	401	568	1988	1503	1309	660	720	244
YFR018C	225	122	322	140	97	53	147	175	132	157	127	105	845	551	618	189	156	98
YFR024C	128	96	161	2182	2044	1124	76	44	49	2156	1752	2131	3570	2598	3196	2298	2003	922
YFR035C	1	0	0	0	0	0	0	0	0	0	0	0	0	0	0	0	0	0
YFT2	770	436	1011	354	310	287	488	324	370	361	358	474	1499	758	1069	578	413	343
YGK3	9	22	77	13	0	16	13	0	8	8	8	19	41	19	19	7	8	2
YGL006W-A	1338	1147	1522	1094	692	717	1613	548	1163	1217	631	866	3116	2212	2542	1351	1061	525
YGL041C-B	145	92	153	198	154	52	113	75	53	152	169	100	320	387	206	147	265	44
YGL088W	0	0	0	0	0	0	0	2	0	0	2	0	14	20	14	4	5	4
YGL114W	368	61	225	200	85	75	442	82	133	246	143	104	954	791	736	234	295	123
YGL132W	16	15	11	8	21	2	32	11	11	7	8	8	74	78	52	20	29	17
YGL138C	22	2	10	7	16	10	20	1	15	10	19	12	94	92	77	18	27	23
YGL140C	3275	6414	6590	2805	4383	2719	4262	4924	3712	3471	4683	3915	6906	6035	4223	4479	6373	2186
YGL149W	98	80	17	95	10	14	48	0	11	107	27	50	556	558	384	99	184	51
YGL152C	713	124	459	196	132	127	308	118	148	242	193	148	1426	1170	1182	450	419	150
YGL159W	1561	1021	1532	624	528	427	1246	668	530	795	555	749	3591	2587	2812	803	897	362
YGL165C	178	52	1021	270	158	204	271	304	267	335	180	322	1419	1080	1077	358	347	148
YGL176C	2214	4742	4551	1728	3146	2155	2446	3529	2509	2098	3101	3131	3989	3784	2908	2690	3910	1486
YGL177W	482	207	150	324	82	90	387	176	47	304	136	128	838	605	722	268	225	95
YGL199C	198	218	631	203	271	252	233	233	301	295	253	409	1903	1519	1416	352	424	205
YGL214W	10	2	6	180	154	41	12	14	1	164	140	96	698	662	443	246	377	153
YGL217C	144	403	93	89	269	81	137	681	193	97	270	142	597	635	410	237	508	120
YGL218W	0	0	1	0	2	1	2	2	0	4	0	0	40	63	24	4	9	6
YGL230C	383	234	244	233	230	111	308	133	161	326	209	146	1707	1211	1219	404	375	190
YGL235W	704	557	1346	516	377	403	465	513	428	698	463	540	2444	1756	1747	766	753	396
YGL242C	274	106	350	250	105	185	272	54	129	344	92	205	1397	912	883	227	240	128
YGL260W	150	170	736	97	165	336	191	148	341	160	187	445	833	620	567	253	441	164
YGL262W	228	105	46	105	64	58	190	32	47	103	58	66	988	670	616	165	191	97
YGP1	0	0	0	0	0	0	0	0	0	0	0	1	0	0	0	0	1	0
YGR011W	3096	1206	2588	881	817	960	1355	921	1037	1096	744	1183	2650	1794	2076	1417	1016	537
YGR016W	953	2687	3881	901	1908	1722	981	1360	1985	804	2022	2249	1007	808	741	1263	2023	798
YGR018C	148	23	19	78	47	27	264	89	15	125	89	88	501	415	446	131	145	51
YGR022C	2301	867	2844	1223	500	1224	1534	554	1593	1471	585	1489	3335	1998	2408	1474	1225	662
YGR025W	1926	762	2022	1250	911	799	1501	632	760	1574	809	1068	2946	1759	2373	1264	885	574
YGR035C	202	189	336	154	67	156	224	75	142	216	85	114	656	467	461	133	137	67
YGR035W-A	0	0	0	2	0	0	0	0	0	2	2	2	2	0	0	0	2	0
YGR039W	133	116	153	169	67	43	137	65	22	173	36	124	593	427	487	121	119	65
YGR045C	4310	2992	6634	3321	2496	2843	2696	1815	2779	3462	2419	5021	1672	1303	1880	3111	2542	2329
YGR050C	229	120	439	173	122	77	193	104	142	140	147	287	111	74	94	182	191	235
YGR051C	431	489	365	321	185	162	390	183	192	372	183	187	1246	679	967	399	384	166
YGR054W	1585	651	1949	1085	617	682	918	402	637	997	594	1041	1910	1229	1652	1223	1063	490
YGR064W	0	0	0	0	10	0	0	2	0	2	18	1	97	117	43	62	121	10
YGR067C	264	182	11	105	134	14	78	182	21	177	158	68	548	420	491	184	165	90
YGR069W	17	60	32	26	34	16	141	40	37	36	41	53	284	251	189	54	73	47
YGR079W	647	212	365	352	342	373	239	185	324	326	333	496	786	411	511	592	495	270
YGR107W	282	192	174	134	164	89	258	142	289	132	159	114	301	268	185	177	223	92
YGR111W	34	2	76	33	23	24	33	22	6	72	20	31	329	366	242	112	195	47
YGR117C	951	217	373	294	213	246	401	222	231	357	215	291	686	365	498	373	192	111
YGR121W-A	6	3	9	0	2	0	0	10	4	5	10	3	0	2	4	2	0	4
YGR122C-A	676	252	1107	247	353	151	356	168	274	269	300	173	1592	1090	1018	432	409	196
YGR122W	43	6	30	85	62	7	8	6	2	87	30	13	855	557	630	171	131	62
YGR126W	131	59	115	96	13	22	231	27	98	124	33	67	318	281	247	93	90	59
YGR127W	228	6	42	52	33	53	162	41	61	107	16	42	315	228	230	80	140	35
YGR137W	9	0	63	9	0	17	1	0	53	27	0	51	135	96	95	44	34	16
YGR139W	1333	1125	886	669	621	379	1173	828	458	835	673	779	2981	2288	2488	666	809	359
YGR146C-A	5214	2849	9947	4104	3090	2265	3960	2481	2949	4507	3387	6681	3308	2334	2764	4333	3625	3977
YGR151C	1847	1425	1676	1424	728	878	1984	957	753	1847	759	835	2216	942	1621	1715	1220	554
YGR160W	0	0	0	0	0	0	0	0	0	0	0	0	12	43	10	10	10	0
YGR164W	8	4	26	10	14	1	10	10	10	13	11	6	28	27	25	12	12	20
YGR176W	691	313	685	85	394	346	71	390	521	155	329	452	402	297	336	295	415	278
YGR182C	9	39	167	55	229	114	31	25	110	72	200	147	1101	949	815	196	216	112
YGR201C	327	260	598	184	168	140	359	148	217	272	144	349	609	392	332	348	373	214
YGR204C-A	5053	3407	7770	5388	3247	3690	4154	2251	3396	5348	3258	4626	5312	3167	4386	5328	3936	2329
YGR210C	36	10	70	78	40	69	71	31	53	58	38	75	418	408	399	142	143	69
YGR219W	6	8	1	30	77	21	1	2	5	46	46	23	374	400	190	49	77	55
YGR259C	1781	3624	6380	1408	3580	2456	1358	3316	3105	1397	3398	3068	1888	1622	1233	1815	4133	1526
YGR266W	2153	2937	3489	2098	2577	2228	1889	2105	2174	2261	2480	2635	3773	2597	2665	2535	3070	1536
YGR273C	227	171	533	131	87	137	278	57	184	256	103	126	1305	979	925	313	298	150
YGR291C	561	234	805	311	268	323	355	262	415	427	317	587	1931	1521	1446	427	457	184
YHI9	986	924	1702	779	1132	829	642	1012	956	856	1197	1453	1216	738	814	1034	1375	655
YHK8	1534	809	1473	710	617	657	764	547	789	824	506	796	1640	914	1276	943	683	377
YHL005C	0	2	14	2	4	2	0	0	0	2	0	2	7	18	7	3	25	6
YHL008C	282	215	660	343	236	164	284	128	200	284	252	358	170	131	193	275	260	267
YHL012W	2265	1460	2523	1715	1119	927	1774	740	834	1667	1063	1746	961	550	982	1435	1122	830
YHL015W-A	1923	1183	4546	1648	1189	1278	1548	1005	1485	1684	1247	2999	1719	1323	1342	1801	1760	1645
YHL017W	4078	3997	9733	3725	3173	3250	2896	2212	3484	3969	2953	5438	2321	1608	2283	4140	3902	3048
YHL041W	1	0	0	0	0	0	0	0	4	0	0	0	0	0	0	0	2	0
YHL042W	0	0	1	0	0	0	0	0	0	0	0	1	0	0	0	0	0	0
YHM2	323	273	861	359	60	152	471	29	404	375	45	188	370	282	259	72	118	26
YHP1	134	35	290	86	38	91	61	4	146	123	12	130	496	392	377	113	105	57
YHR007C-A	3796	2006	3944	3534	2444	2465	2913	1496	2487	3350	2112	3982	3995	2341	3345	3821	3255	1792
YHR020W	0	0	0	0	0	0	0	0	0	0	0	1	0	1	0	0	0	0
YHR022C	21	7	95	16	32	16	18	11	23	27	14	49	14	16	17	19	30	27
YHR022C-A	45	33	58	62	42	12	34	32	31	40	27	56	70	61	60	69	56	45
YHR033W	21381	17648	40973	19550	14511	18894	12601	8421	13657	20197	14274	34424	10115	7246	10182	18710	17548	13934
YHR049C-A	451	1190	1797	532	1088	675	457	928	757	544	893	724	639	611	451	569	1346	440
YHR050W-A	0	0	0	0	0	0	0	0	0	0	0	0	2	2	0	0	0	0
YHR078W	543	2151	3482	454	1338	1300	738	1772	1739	513	1487	1379	1363	1260	1013	699	1602	561
YHR086W-A	6180	4176	7931	3564	3031	3354	5447	2727	4235	4331	2985	4153	4861	3173	4122	4501	3714	2095
YHR095W	678	391	1470	415	293	609	894	340	621	555	384	906	1637	985	1348	698	587	321
YHR112C	0	0	2	0	2	0	0	0	0	2	0	0	2	0	4	0	0	0
YHR125W	685	2492	1645	382	1195	958	473	943	1038	426	1074	990	567	478	418	464	1048	452
YHR127W	19	120	220	54	48	114	109	73	126	82	83	141	500	335	362	105	135	45
YHR130C	13686	11990	20117	10220	7462	9020	9159	4610	9356	11113	7251	14786	4053	2969	4432	8653	7794	6060
YHR131C	171	58	552	60	77	49	109	160	149	57	87	141	238	133	151	80	59	56
YHR138C	65	90	581	251	75	159	226	41	199	193	79	248	598	301	473	233	176	114
YHR139C-A	606	1079	972	279	698	576	215	448	1014	260	706	725	570	434	363	441	1116	386
YHR140W	7	0	13	4	6	1	10	9	6	4	4	8	77	27	53	8	12	13
YHR175W-A	0	0	1	0	0	0	0	0	0	0	0	0	0	0	0	1	0	0
YHR180W	53	122	78	70	133	20	183	86	31	60	114	32	331	174	183	58	59	31
YHR210C	0	0	4	0	0	0	0	0	0	0	0	0	0	0	0	0	0	0
YIA6	5753	8260	14155	5520	5919	6551	5135	5615	6942	5966	5565	9578	4018	3107	4379	6668	7211	5175
YIG1	0	0	0	0	0	0	0	0	0	1	0	0	0	0	0	0	0	0
YIH1	673	554	1672	351	311	591	670	497	817	502	435	976	2217	1181	1714	853	557	417
YIL001W	2137	7230	7777	1831	4910	3313	2279	4164	4549	2105	4471	4418	3031	2544	2023	3222	6280	2315
YIL012W	123	141	128	2964	2516	1002	64	48	41	3098	2390	2229	3171	2330	2996	2090	2395	997
YIL014C-A|YIL015C-A	18179	16787	37615	29289	27089	28646	13422	8158	14157	28064	23042	53789	11664	8213	13579	26334	24589	25688
YIL028W	17977	13722	83790	17141	17406	23461	18525	17960	35346	17579	18500	60769	5198	3483	5928	9145	10857	13759
YIL032C	1700	3675	4814	1373	2911	1728	2173	3388	2374	1527	3129	2779	602	579	358	1082	2732	1078
YIL046W-A	543	470	487	343	323	159	750	457	253	412	387	205	972	642	642	326	527	210
YIL054W	878	975	759	2864	2429	1120	656	566	330	2975	2205	2062	4126	2881	3554	3038	2815	1110
YIL055C	135	131	127	3360	3043	1302	66	57	28	2868	2697	2380	2512	1740	2208	2199	2388	1259
YIL058W	0	0	0	0	0	0	0	0	0	0	0	0	1	0	0	0	0	0
YIL059C	279	113	221	257	127	77	292	124	125	301	148	153	774	472	573	270	232	154
YIL060W	3277	7979	10758	2234	6389	4549	2796	4744	5256	2569	5930	5685	3677	3079	2516	3395	7616	2585
YIL067C	132	407	77	177	289	88	107	154	121	209	220	79	791	644	692	223	222	93
YIL086C	16349	18871	48175	87515	81014	73584	8008	6855	12987	74224	64995	184416	11241	8389	17551	49517	55018	72677
YIL089W	2459	1781	3215	2570	1787	1759	2316	1450	1952	2617	1908	2341	2554	1572	2264	2603	2025	981
YIL092W	5673	5411	10693	6110	4411	5560	4367	2289	3545	6422	4269	8594	3922	3130	4165	6300	5645	4622
YIL102C	355	242	437	286	279	179	383	286	179	367	241	242	1676	1180	1362	396	392	181
YIL108W	165	235	8	107	89	6	151	55	10	159	108	24	538	407	469	127	162	67
YIL134C-A	728	606	1583	760	561	605	784	622	626	829	550	1137	2238	1413	1732	1404	1143	665
YIL141W	149	315	190	121	167	20	343	167	93	160	128	43	577	404	412	141	101	66
YIL163C	259	342	61	242	156	49	345	221	63	311	189	60	735	480	538	141	133	69
YIL165C	0	0	0	0	0	0	0	0	1	0	0	0	7	11	0	2	8	0
YIL168W	9203	7175	17317	7398	5231	7133	6101	3366	6295	8378	5474	11550	3637	2776	3845	7062	6117	4699
YIM1	2	0	0	3	0	2	0	0	0	0	0	0	4	2	6	2	2	0
YIM2	0	0	0	0	0	0	0	0	0	0	0	0	22	20	12	0	6	0
YIP1	0	1	0	0	0	0	0	0	0	0	0	0	1	0	0	0	0	0
YIP3	78	74	131	79	64	33	81	68	19	69	55	68	637	455	483	261	202	80
YIP4	63	31	193	44	48	37	121	68	66	80	65	94	197	128	99	73	127	46
YIP5	1211	2106	3439	606	1902	1321	1019	1816	1759	781	1692	1776	1892	2068	1418	1470	2420	863
YIR016W	15189	12440	30812	13085	8374	12048	11114	6484	10449	14976	7993	21654	8627	6455	8913	13268	11733	8965
YIR018C-A	4	5	5	1	2	1	1	3	1	1	2	9	0	1	3	1	2	1
YIR020C	8	6	12	10	2	4	4	2	15	7	8	2	26	16	23	14	9	8
YIR020W-A|YIR020W-B	1180	1050	2622	1488	1191	1564	1133	977	1217	1145	1026	2366	1103	885	931	1202	1527	821
YIR021W-A	382	468	765	271	316	256	394	290	243	408	252	536	1894	1337	1352	392	364	149
YIR042C	250	221	543	126	101	184	209	144	390	156	84	204	1424	1191	1037	341	476	196
YIR043C	309	91	491	289	142	105	502	88	61	314	152	69	1369	1030	960	245	266	119
YIR044C	0	0	0	0	0	0	0	0	1	0	0	0	0	0	0	0	0	0
YJL007C	303	117	117	436	182	174	273	74	51	425	170	157	883	780	685	162	174	123
YJL012C-A	0	0	0	0	0	0	0	0	0	0	6	0	0	0	0	0	0	0
YJL017W	0	0	0	0	0	0	1	0	0	1	1	1	0	0	0	0	0	0
YJL021C	191	26	1	149	43	5	165	41	0	150	37	10	580	413	391	105	147	54
YJL027C	0	0	0	3	0	0	0	0	0	0	2	0	28	60	19	6	31	0
YJL043W	585	512	392	654	351	215	726	350	255	680	403	209	2518	1774	1687	448	555	203
YJL047C-A	52451	35750	205131	42339	38472	71526	48607	42518	99330	43935	41524	160917	8264	5216	10949	20316	21093	29483
YJL064W	75	246	420	90	128	143	147	196	67	103	161	95	275	280	190	190	346	76
YJL067W	2	0	0	0	0	0	0	0	0	0	0	0	2	2	0	0	0	0
YJL068C	3503	2880	8388	1842	1813	2362	1574	1419	2775	2329	1928	4575	1486	1167	1504	2789	3100	2361
YJL070C	235	43	22	316	17	113	181	17	10	331	22	194	665	434	436	167	168	76
YJL077W-B	7968	2099	8118	16001	4905	2312	6952	1787	2553	12340	4403	8051	1091	621	881	8197	4519	5267
YJL107C	0	16	174	0	37	54	1	39	37	1	14	54	355	259	280	75	82	40
YJL118W	143	2	143	52	8	75	42	30	89	48	12	81	466	380	343	105	81	71
YJL119C	215	241	17	147	161	94	421	201	189	114	143	94	794	569	605	156	189	95
YJL120W	0	1	0	0	0	0	0	0	0	0	0	0	35	56	30	2	7	1
YJL132W	1595	1208	1667	742	767	677	1375	1072	1082	1014	845	856	2221	1262	1826	1106	954	441
YJL135W	321	636	1648	322	429	846	524	430	846	404	529	1024	1329	990	849	1105	1369	533
YJL136W-A	7707	4753	17424	6456	4703	3467	7367	4486	5440	7296	5207	10449	4392	2922	3640	8677	7098	7575
YJL150W	563	1412	1789	1051	1468	850	826	824	736	1215	1270	1438	1704	1067	1503	1242	1537	867
YJL152W	734	1998	1487	437	1649	642	607	1291	736	594	1528	737	679	716	538	520	1422	468
YJL169W	2328	4557	7269	1946	3531	2989	2512	2518	2997	2158	3424	4619	1097	946	798	4162	8688	4557
YJL175W	0	0	0	0	1	0	0	1	0	0	0	0	28	52	15	6	6	2
YJL182C	824	2000	1856	723	1744	1353	971	1264	1662	761	1564	1838	1055	830	708	886	1996	802
YJL193W	228	151	263	83	119	141	306	150	56	154	148	155	1039	802	785	181	218	114
YJL206C	16727	9473	27626	13220	9384	11559	9477	6048	8942	13328	8759	19937	8017	5947	8086	12738	11010	9190
YJL211C	430	623	710	256	113	319	506	291	612	283	154	285	1507	1079	1111	458	442	162
YJL213W	1747	1473	1877	1700	1284	1172	1502	875	1002	1823	1237	1627	916	645	997	1627	1432	1268
YJL215C	1052	1239	1339	1506	1326	1013	888	1053	878	1461	1252	1766	2256	1445	1977	1843	1649	1127
YJL218W	846	480	988	798	460	612	621	334	562	810	453	809	1237	625	933	850	574	433
YJR015W	731	1898	2282	412	1255	1160	387	1252	1273	460	1124	1229	1132	1004	815	712	1726	687
YJR018W	0	0	0	0	0	0	0	0	0	0	0	1	0	0	0	0	0	0
YJR020W	431	350	247	258	238	84	355	221	84	274	238	155	1195	883	846	293	272	132
YJR026W	252	94	208	107	115	44	99	119	89	107	102	92	492	318	346	117	104	66
YJR037W	512	842	712	700	602	319	758	663	583	870	577	371	2835	2134	2185	630	688	288
YJR038C	396	265	957	437	300	285	578	132	365	472	360	498	2431	1834	2002	585	568	297
YJR056C	65	225	2	50	234	17	68	293	12	45	188	26	520	404	354	135	128	70
YJR084W	28	11	43	349	147	109	13	7	6	439	124	288	1524	1078	1089	344	435	157
YJR087W	10	63	20	244	313	65	53	25	11	178	262	188	1155	751	865	257	212	116
YJR096W	76	659	256	86	249	81	54	164	152	122	230	52	777	734	605	222	349	136
YJR098C	110	65	155	2684	1228	730	68	22	28	2546	1252	1762	2758	2033	2700	1906	1821	854
YJR115W	73	26	9	39	54	35	60	96	32	46	18	55	448	334	365	92	125	70
YJR124C	925	2223	3969	1314	2201	1589	1838	1582	1946	1462	1977	2309	3460	2433	2472	2568	3058	1314
YJR128W	1147	629	3488	823	549	772	856	547	783	1050	670	2205	1047	754	922	1018	1229	1044
YJR142W	3133	2505	4918	3541	3245	2537	2733	2139	2198	3767	2886	2938	4432	2684	4126	4357	3228	1848
YJR146W	117	308	99	90	239	93	163	128	96	162	208	198	1078	817	724	180	259	111
YJR149W	0	0	0	1	0	0	0	0	1	0	0	0	0	0	0	0	0	0
YJR151W-A	1499	2824	5361	1144	2243	1937	1287	2075	2330	1201	2219	2800	2320	2063	1805	1598	3145	1321
YJR154W	0	0	4	0	0	0	2	2	0	2	0	0	0	2	0	0	0	0
YJU3	854	695	519	612	534	325	373	243	213	695	524	598	946	706	906	790	705	306
YKE2	0	0	0	0	0	0	0	0	0	1	0	0	0	22	2	0	3	0
YKE4	1600	1785	3408	6473	6108	3254	1812	884	1793	6384	5491	6046	3965	2709	3247	5052	4951	2455
YKL030W	2717	3135	2990	1153	1806	1714	2161	1614	1680	1400	1761	2218	1891	1667	1345	1359	1840	730
YKL031W	6	29	8	17	12	6	18	24	2	35	14	35	183	105	99	34	34	42
YKL033W-A	53	24	40	31	32	17	63	34	29	41	22	5	217	130	184	49	33	15
YKL053W	2693	990	2542	1011	1121	763	711	538	761	1255	1251	709	1014	936	809	1255	1323	401
YKL063C	356	17	62	286	69	43	347	23	109	287	40	65	553	410	445	96	124	59
YKL066W	340	225	282	326	220	94	173	72	15	406	257	224	1927	1346	1421	426	542	190
YKL069W	4	0	2	0	0	0	0	0	0	0	0	0	0	0	0	2	0	0
YKL070W	211	189	229	171	99	81	156	116	129	206	98	88	1056	746	757	306	257	109
YKL091C	116	23	165	77	23	58	80	1	43	39	14	74	419	313	327	72	81	44
YKL096C-B	0	7	1	0	77	4	0	105	1	0	49	5	340	378	206	92	102	24
YKL097C	71	147	144	209	138	61	430	503	157	184	221	125	916	595	687	231	235	145
YKL102C	14	205	27	185	206	84	25	19	26	208	93	267	881	715	653	220	226	94
YKL106C-A	2	1	0	0	1	0	0	2	2	6	0	0	8	3	10	1	0	0
YKL107W	0	0	0	0	6	0	0	10	0	0	0	8	7	18	4	0	2	0
YKL123W	192	138	151	117	70	75	74	73	85	188	79	129	563	515	552	180	169	61
YKL131W	75	195	12	54	38	33	39	52	55	57	59	30	321	199	216	57	65	35
YKL136W	6	219	53	48	116	56	51	59	11	71	112	145	737	668	620	185	226	96
YKL147C	829	875	1866	789	602	831	959	422	962	941	470	1415	1937	1257	1700	1148	946	516
YKL162C	238	192	11	166	218	55	94	94	19	219	172	79	604	514	524	153	144	65
YKL162C-A	1420	1808	3527	528	1760	1028	616	1714	1432	688	1927	1480	1808	1467	1351	949	1941	760
YKL177W	49	4	434	122	54	82	576	7	158	198	67	108	683	519	532	141	153	82
YKL199C	12410	11737	29320	11731	9287	11506	9284	6526	10474	12472	8601	20621	9383	7040	9371	12835	12312	10075
YKL200C	0	0	0	1	0	2	0	0	0	0	0	3	2	0	2	2	1	2
YKL202W	1001	1807	1474	808	1057	790	858	922	966	995	1076	1087	1248	998	868	916	1639	706
YKL222C	9574	10566	18349	9133	7703	10694	6878	4987	7804	9380	7317	15967	5991	4758	6324	9563	9489	7103
YKR005C	2	8	8	6	2	2	14	14	8	2	2	4	45	42	32	8	12	8
YKR011C	9556	5869	13014	23787	11987	8083	8834	3897	5647	20135	9984	17303	2486	1402	2467	14014	10628	9539
YKR012C	510	3172	3298	537	2544	1510	610	2096	1888	558	2646	1937	1462	1229	1007	1108	2554	1074
YKR015C	1051	2486	2570	698	1477	1118	1299	1915	1171	785	1527	1259	1618	1479	1009	945	1754	542
YKR018C	0	0	0	0	0	0	0	0	0	0	0	0	0	0	2	0	0	0
YKR033C	13890	12905	32480	9804	9726	14315	8117	8383	15019	11380	9416	24757	6350	4765	6851	10644	10654	7989
YKR040C	110	36	103	71	59	18	129	49	45	71	45	58	236	178	167	108	93	67
YKR041W	658	737	806	373	443	265	438	609	210	445	557	445	1172	1049	799	545	775	263
YKR045C	921	1627	2507	692	1433	1027	647	1213	1076	766	1386	1397	790	599	510	838	1526	792
YKR047W	450	445	591	343	139	166	468	298	189	429	153	282	1147	907	971	299	244	137
YKR070W	278	163	235	62	244	153	304	226	201	120	228	181	1039	766	842	337	302	143
YKR075C	717	1796	2158	564	1114	1031	948	1126	1148	694	1159	1606	1353	1027	885	905	1762	693
YKR104W	188	89	138	179	82	53	236	142	127	172	41	74	417	335	343	65	86	38
YKU70	26	56	50	80	38	30	54	30	54	58	35	52	411	365	351	62	123	35
YKU80	142	258	463	163	168	138	242	239	133	227	224	117	517	419	411	130	89	49
YLF2	537	1520	2408	358	1033	539	322	843	443	451	1127	907	681	365	424	591	1174	401
YLL017W	447	1070	1305	342	755	613	537	592	630	392	825	944	719	607	527	448	832	300
YLL020C	1331	7458	8554	1368	5858	4067	1509	5479	4157	1406	6022	6046	2434	2190	1559	2682	8319	3089
YLL032C	608	331	936	561	207	362	848	400	344	735	309	478	1595	1101	1369	676	618	311
YLL044W	6	14	15	308	263	88	8	31	8	427	290	158	1065	892	916	340	404	200
YLL047W	178	193	194	161	87	180	364	40	211	223	70	296	1265	1035	912	203	290	150
YLL053C	264	236	440	240	305	189	259	188	273	266	192	237	1683	1195	1180	308	412	135
YLL054C	353	373	383	308	278	126	416	288	142	364	306	151	1798	1427	1103	355	330	207
YLL056C	0	0	5	4	2	0	7	0	0	0	2	2	7	0	2	2	4	4
YLR001C	233	131	244	54	131	121	52	82	329	83	116	175	607	541	544	157	165	78
YLR012C	97	260	74	40	145	87	82	113	98	45	135	100	420	338	394	114	91	53
YLR030W	107	169	112	169	145	65	137	115	62	222	176	103	762	549	508	212	226	99
YLR031W	40	98	50	55	59	41	43	95	41	36	60	56	386	348	310	90	110	47
YLR036C	70	27	35	29	26	8	24	25	18	26	23	30	155	124	119	51	49	12
YLR041W	1708	1135	2387	843	882	1207	1146	733	737	1186	1213	1349	1974	1206	1412	1179	1163	570
YLR046C	6	14	81	34	45	20	31	27	22	57	51	74	332	290	278	58	62	44
YLR108C	32	8	70	44	15	15	38	24	13	44	13	46	73	55	54	38	28	24
YLR111W	0	0	0	0	0	0	0	0	0	0	0	0	2	3	4	0	0	0
YLR112W	359	457	49	229	229	87	540	548	177	236	244	121	960	706	773	173	217	91
YLR122C	396	636	744	196	280	274	127	268	320	168	273	496	1421	1007	1090	382	395	222
YLR123C	141	603	244	181	617	239	422	564	176	241	654	206	907	825	768	301	661	226
YLR124W	1858	582	1244	824	452	473	1278	528	640	1069	498	1200	2583	1742	1831	1015	837	374
YLR126C	1412	1365	1510	1346	870	622	1282	546	591	1464	770	761	1310	794	1088	1236	1133	639
YLR152C	663	163	240	266	267	147	296	216	159	366	202	191	1334	924	1054	341	456	216
YLR169W	405	355	1004	947	734	301	244	114	378	874	582	773	1947	1346	1360	708	836	238
YLR171W	278	351	398	338	287	238	245	97	320	474	286	375	1833	1344	1286	453	511	215
YLR177W	22	23	12	15	24	33	35	61	10	28	38	107	347	340	284	114	134	40
YLR179C	90	2	12	49	0	26	37	0	24	61	1	44	207	239	192	37	37	27
YLR184W	0	0	0	0	1	1	1	1	0	0	0	1	1	0	0	1	0	0
YLR217W	315	136	261	161	45	107	265	62	136	242	65	165	740	536	631	277	301	131
YLR225C	161	28	38	83	27	8	76	44	11	76	31	6	132	91	93	44	35	25
YLR235C	9	0	33	0	0	8	6	0	18	7	1	2	161	115	73	28	42	23
YLR236C	163	166	254	2184	1187	533	581	16	65	1990	1105	1388	1863	1441	1660	1333	1265	521
YLR252W	193	389	318	100	127	103	118	144	36	126	187	100	571	363	372	172	108	48
YLR255C	471	133	811	559	166	480	358	148	587	575	205	1012	784	479	719	740	526	284
YLR269C	2	2	23	9	27	17	12	10	9	12	39	34	16	26	35	36	48	26
YLR278C	56	35	17	122	13	26	143	44	36	83	34	6	522	363	309	76	86	57
YLR279W	5258	5175	5666	3208	2931	3038	3980	2649	3059	4047	3213	3232	3819	2863	3059	3530	4041	1636
YLR280C	354	470	485	317	288	287	441	354	331	380	302	337	906	691	764	502	510	248
YLR282C	4	2	7	8	15	6	1	3	19	6	8	21	298	272	257	69	54	26
YLR282C|PUT7	338	3177	3512	356	1555	892	365	1238	1059	372	1632	1280	777	592	449	876	1967	601
YLR287C	114	133	302	217	72	45	320	26	160	273	58	90	541	318	449	198	139	75
YLR294C	66	56	23	12	42	20	22	50	39	57	14	14	172	134	126	39	17	18
YLR296W	158	38	1	71	87	16	155	93	0	78	70	16	408	335	311	138	88	60
YLR311C	1359	715	263	825	393	313	968	349	282	1128	291	415	1533	806	1183	876	632	281
YLR312C-B	2	2	0	2	2	0	0	3	0	4	0	0	2	0	5	2	1	0
YLR326W	65	107	118	1579	1654	495	28	33	32	1419	1231	1256	1939	1573	1968	1581	1437	625
YLR342W-A	1124	620	1071	637	528	340	838	380	430	701	499	470	3538	2734	2730	829	894	378
YLR345W	85	13	7	119	42	41	129	30	56	170	50	18	393	314	330	72	35	44
YLR349W	76	107	22	103	37	30	78	42	30	111	21	77	304	237	231	71	85	34
YLR358C	0	10	0	1	18	0	0	0	0	2	2	1	113	114	92	28	101	34
YLR361C-A	4634	4948	6519	4146	5099	3676	3267	3445	3568	3778	4600	5557	4662	3265	3624	3457	5163	2404
YLR363W-A	944	1315	1186	661	901	801	870	945	943	748	895	915	1480	1263	1259	1100	1909	844
YLR366W	4	46	170	80	35	90	77	25	77	77	30	134	703	664	639	217	200	73
YLR374C	390	252	194	256	207	36	351	261	107	254	126	53	444	253	291	304	374	102
YLR391W	121	359	829	98	146	103	277	133	319	178	164	229	2075	1584	1489	302	370	157
YLR400W	303	50	14	70	69	102	247	38	108	119	69	96	636	486	510	189	128	68
YLR402W	712	1498	1815	781	2068	934	524	1342	1148	833	1971	1049	503	584	336	1383	5499	1323
YLR406C-A	1694	3487	4005	997	2906	1489	1185	2815	2225	1075	2494	2229	2487	2323	1863	2490	5740	1798
YLR407W	138	104	424	95	85	83	166	119	62	132	137	150	282	223	175	116	118	34
YLR412C-A	191	258	109	143	116	65	192	129	91	183	114	60	603	383	384	108	115	68
YLR415C	80	369	635	133	265	327	281	262	380	177	255	580	721	754	511	337	560	207
YLR416C	289	395	434	198	342	222	129	147	252	202	345	326	825	694	611	332	616	304
YLR428C	186	215	312	559	372	394	163	89	95	588	406	610	2994	2057	1991	528	673	265
YLR434C	823	491	832	298	441	222	428	543	244	426	427	403	3143	2424	2413	790	766	396
YLR444C	1093	1413	2334	824	1537	813	673	1803	1172	922	1501	1468	2496	2386	1467	1409	2569	842
YLR456W	828	597	1962	955	639	542	725	493	610	841	742	1362	646	414	626	759	740	711
YLR460C	1848	4293	5395	1926	2475	2519	2115	1591	2066	2050	2317	3735	1923	1528	1691	2213	3028	1581
YMC1	224	498	939	172	245	327	224	303	377	188	211	489	837	433	653	454	348	205
YMC2	33882	12205	25947	46092	17112	12735	21602	7722	12231	42461	14146	23507	3778	2283	4107	39769	24946	19463
YMD8	1633	1392	1524	1220	1146	953	1001	860	1004	1169	1204	1179	1497	954	1314	1714	1446	595
YME1	0	0	0	0	0	0	0	0	1	0	0	0	0	0	0	0	0	0
YME2	41	128	87	20	39	67	0	52	53	47	46	108	427	329	350	104	111	55
YML003W	100	414	134	169	146	40	127	88	63	151	160	58	578	407	464	181	135	64
YML009C-A|YML010C-B	0	10	0	2	88	2	1	12	2	6	45	1	212	254	120	33	93	20
YML009W-B|YML010W-A	0	0	0	0	0	0	0	0	1	2	0	0	11	24	8	5	12	0
YML018C	361	238	516	262	194	109	391	105	170	348	196	141	1119	778	906	301	272	148
YML020W	68	71	234	108	111	205	103	104	426	136	65	205	559	405	366	164	178	84
YML033W	3037	2005	5475	3455	2600	2146	3125	1880	2032	3609	2738	3998	3837	2795	3614	5594	4381	3039
YML034C-A|YML035C-A	26	83	361	51	52	95	67	28	119	90	79	117	671	465	460	116	167	65
YML037C	662	491	293	433	251	180	737	165	171	447	301	222	1793	1251	1287	481	441	177
YML048W-A	220	411	823	297	422	228	333	515	330	349	518	382	782	657	421	392	662	307
YML053C	322	152	24	304	53	24	246	122	41	427	105	47	589	442	433	163	176	108
YML054C-A	446	378	405	485	234	227	548	366	329	518	232	281	1470	1210	1183	391	390	156
YML057C-A|YML058C-A	92	62	59	57	70	71	15	26	80	125	66	89	574	410	388	140	162	58
YML082W	1774	704	1347	998	652	478	919	527	599	945	576	971	1494	1083	1036	888	935	405
YML083C	1401	472	1067	733	318	336	880	512	370	857	422	542	1955	1278	1490	725	581	294
YML084W	1056	618	855	859	493	288	983	356	271	1013	437	456	3598	2594	2515	798	840	294
YML089C	12	105	76	19	64	58	14	55	65	37	68	94	349	428	292	83	110	37
YML090W	32	0	66	19	0	16	31	0	12	31	0	22	120	102	96	12	56	8
YML094C-A|YML095C-A	1	1	1	2	2	0	0	2	2	0	0	0	173	138	106	28	54	22
YML096W	92	97	129	8	25	49	11	18	111	25	32	87	337	272	293	92	92	53
YML100W-A	205	34	236	202	37	200	301	34	135	316	22	383	721	523	525	196	254	111
YML108W	0	28	2	0	12	1	0	4	3	1	33	2	316	252	235	71	80	44
YML116W-A	0	0	0	0	0	0	0	0	1	0	0	0	0	0	0	0	0	0
YML117W-A	190	115	325	132	108	75	83	124	202	172	78	195	365	269	246	93	80	26
YML119W	229	149	195	102	42	49	226	54	36	136	42	50	918	821	648	153	172	88
YML122C	6	29	64	39	33	33	13	28	15	57	26	36	331	298	234	69	87	40
YML131W	62	12	2	91	22	0	104	20	0	101	57	0	306	239	223	70	52	35
YMR001C-A	0	1	1	2	2	0	2	1	0	2	1	0	208	242	153	52	84	18
YMR007W	696	627	1359	722	393	827	1135	466	798	827	542	1270	2874	1877	2261	1222	890	446
YMR013W-A	260	547	374	222	487	211	215	516	385	274	433	456	1950	1576	1609	594	647	220
YMR027W	15	165	1	48	71	2	59	35	0	43	114	1	326	291	274	55	72	12
YMR052C-A	284	629	136	368	464	163	254	255	97	378	512	240	1151	1044	964	376	475	176
YMR057C	150	405	203	242	357	150	213	197	180	261	223	175	1678	1225	1152	429	385	194
YMR075C-A	212	183	327	113	210	175	166	178	123	122	181	246	215	195	173	223	431	190
YMR082C	889	956	1726	1479	1018	1201	1350	813	1052	1522	1028	1450	1913	1227	1755	1733	1233	619
YMR084W	0	7	0	0	22	0	0	10	0	0	3	0	24	42	24	5	7	3
YMR085W	2465	4504	6526	1721	3671	2644	2082	3522	2857	1801	3538	3813	2227	1883	1493	2087	4473	1645
YMR086C-A	1232	1628	2446	818	1692	1091	878	1194	990	1007	1450	1417	2559	1715	2056	1469	2098	1053
YMR090W	952	858	2027	878	814	877	1117	655	1130	967	744	1346	1866	994	1458	1224	1028	581
YMR099C	59	21	171	95	73	183	99	52	146	138	49	326	327	270	235	202	230	123
YMR105W-A	19316	24698	44118	21043	24682	24039	14637	14350	20853	20761	24155	36872	9118	7637	9436	16447	22624	16163
YMR114C	330	86	243	39	70	105	96	63	100	113	106	137	655	522	596	137	224	57
YMR119W-A	187	147	168	81	68	91	146	126	211	88	68	125	520	351	453	168	110	53
YMR122C	329	37	143	108	111	23	224	166	42	170	125	49	598	395	458	95	139	39
YMR135W-A	6289	5685	9549	5288	3958	4479	5602	3219	5024	6153	4312	8405	3172	2217	3131	5733	4883	3778
YMR141C	212	47	148	120	93	25	99	47	86	116	53	91	444	307	307	107	115	80
YMR153C-A	19	92	79	68	19	32	231	33	37	72	25	29	554	427	475	121	123	79
YMR155W	104	68	191	144	43	139	150	86	183	183	29	106	651	454	484	192	194	96
YMR158C-A|YMR158C-B	1654	3346	2368	1465	3211	1531	1749	2813	1508	1525	3516	2276	1416	1122	1015	1334	3144	1203
YMR158W-A	190	328	117	124	101	89	99	109	83	170	113	122	779	506	572	158	138	67
YMR172C-A	217	70	789	104	74	102	230	101	32	178	82	122	689	459	415	133	156	52
YMR173W-A	154	168	304	100	172	93	371	51	87	132	158	187	543	423	440	139	122	57
YMR175W-A	90	382	66	3005	3448	560	73	510	26	2849	2854	1287	3409	2533	3148	2560	2507	946
YMR181C	241	20	10	92	72	3	173	119	8	118	44	31	487	354	289	121	135	80
YMR187C	903	975	1058	669	761	480	1009	519	637	794	597	636	3521	2651	2788	790	934	374
YMR193C-A	131	12	22	20	8	10	29	6	1	24	2	28	258	238	200	41	81	15
YMR194C-A	776	940	1190	504	1000	483	849	600	681	673	1076	698	1193	1104	862	828	1481	517
YMR196W	290	217	194	98	136	79	104	102	82	163	118	256	1120	912	724	246	267	115
YMR206W	38	188	1	74	92	2	151	114	0	83	54	0	465	412	351	104	103	63
YMR209C	139	57	4	50	36	31	30	46	14	107	31	39	255	249	183	43	83	28
YMR230W-A	2535	3049	5868	2662	3155	3245	2332	2293	2656	2587	3010	5291	3183	2569	2899	2326	4140	2382
YMR242W-A	1	0	2	5	5	0	16	0	0	20	0	1	192	338	158	45	78	26
YMR244W	8	9	6	26	16	14	20	1	19	18	16	23	149	91	93	28	33	13
YMR245W	1	0	31	3	5	2	46	0	14	39	7	1	137	135	69	15	30	10
YMR247W-A	11776	8608	18779	10411	6703	8942	10110	5264	8668	11014	6912	14834	6290	4714	6398	9472	8378	6196
YMR253C	512	446	397	346	167	87	452	168	141	283	136	164	1044	668	717	180	196	103
YMR265C	343	32	264	170	69	78	336	63	60	223	74	109	599	499	506	134	146	61
YMR272W-B	368	94	53	142	131	40	177	139	77	210	163	56	827	610	674	194	226	96
YMR294W-A	135	123	106	54	54	27	32	15	88	53	88	66	493	354	300	91	83	39
YMR295C	6	0	3	1	0	2	4	0	0	3	2	1	18	4	12	1	4	0
YMR304C-A	2476	1142	2756	1421	1384	1233	1401	854	1347	1530	1469	1736	3806	2593	3083	2091	1788	812
YMR306C-A	176	18	98	104	90	63	169	78	86	154	47	67	641	524	449	139	140	63
YMR315W	96	105	28	69	229	48	67	20	44	86	165	33	300	226	205	87	103	52
YMR315W-A	1550	3428	3099	1549	1695	1750	2046	1628	2175	1809	1820	2511	3905	3346	2783	2230	3351	1460
YMR316C-A	0	0	0	0	0	0	0	0	0	0	0	0	0	2	0	0	0	0
YMR316C-B	247	197	344	131	153	88	155	173	81	194	130	151	764	556	465	118	175	69
YMR317W	2424	7273	9334	1628	4459	4193	2257	4433	4849	1633	4244	4871	3385	2998	2278	2585	5667	2164
YMR320W	377	93	376	289	127	127	230	85	196	406	141	218	1642	1212	1137	244	320	147
YMR326C	94	41	149	102	113	33	48	74	25	102	74	146	414	329	203	255	333	212
YND1	904	1170	922	396	307	408	926	626	667	570	428	527	1840	1450	1510	629	623	232
YNG1	125	62	175	145	68	38	80	45	112	145	113	81	585	545	434	97	142	39
YNK1	973	833	1041	655	434	476	659	320	359	590	365	909	1648	1200	1195	684	646	276
YNL013C	6	0	0	2	2	2	2	2	0	1	0	0	4	0	2	2	2	2
YNL028W	2737	2033	3064	2137	1567	1512	1629	1483	1710	2279	1621	2203	2571	1388	2131	2806	1538	1190
YNL034W	54	39	164	83	18	6	80	8	16	137	22	29	352	196	230	39	62	14
YNL035C	228	33	0	42	26	29	76	29	17	42	46	26	166	186	103	42	41	15
YNL040W	2119	3064	5437	3035	2980	2328	1403	1304	1569	2997	2845	4455	1927	1481	1971	3839	4380	2514
YNL042W-B	5653	4514	8640	5561	4216	4448	4506	3320	4931	5828	4624	6239	7260	4539	6355	6820	5304	2591
YNL043C	47	1	632	142	8	109	139	1	122	143	16	181	424	321	315	94	104	40
YNL050C	16	39	423	18	47	76	22	40	47	28	79	78	388	353	280	92	95	41
YNL057W	121	96	131	128	57	68	163	95	120	208	85	52	676	372	468	247	175	109
YNL058C	53	21	23	21	39	15	70	17	19	40	33	38	223	191	146	66	42	18
YNL067W-B	254	438	504	380	575	302	177	284	197	487	670	387	2964	3072	2764	1603	2459	998
YNL089C	394	532	818	244	337	322	447	420	580	279	365	312	1487	1196	1183	496	544	224
YNL092W	261	103	265	143	148	135	216	191	223	232	113	174	357	260	341	359	305	202
YNL095C	9188	10490	27399	64274	58041	64854	3184	2346	5335	52783	43592	153202	6232	4859	10713	31598	37710	50167
YNL108C	201	26	213	57	17	74	146	0	191	93	17	194	393	342	330	102	107	58
YNL109W	139	516	359	122	395	243	130	261	252	190	360	469	423	329	252	399	962	339
YNL114C	0	0	0	0	0	0	0	1	0	0	0	0	0	0	0	0	0	0
YNL115C	961	151	58	311	86	42	429	120	81	367	55	53	518	360	409	182	172	26
YNL120C	16	0	0	87	2	2	1	12	21	84	4	16	150	205	156	61	97	17
YNL134C	1258	893	1802	380	565	657	346	911	460	465	640	805	1540	1494	1273	708	1204	445
YNL140C	674	545	345	448	591	210	523	437	258	423	520	406	227	270	149	262	434	208
YNL143C	3781	7126	11440	3424	4412	3953	3431	2882	3591	3447	4129	7617	3221	3415	3159	4808	7054	3951
YNL144C	0	0	4	2	2	0	2	4	0	0	0	2	2	2	4	0	2	0
YNL146C-A	1167	490	671	713	418	387	834	284	447	824	452	505	2208	1405	1692	621	634	326
YNL146W	56	112	115	52	121	100	147	119	92	59	135	86	393	235	303	202	169	86
YNL162W-A	1960	1664	3412	2094	1651	1492	2181	853	1252	2262	1783	1975	4370	2824	3756	3387	2669	1249
YNL165W	3449	5252	10559	5202	7859	7332	2288	3118	4868	4346	7144	12232	4517	3349	4302	5277	6895	4158
YNL171C	66	2	1	22	47	0	3	26	0	25	24	0	204	245	179	58	67	22
YNL234W	0	0	0	0	0	0	0	0	0	0	0	0	1	0	0	0	0	0
YNL266W	1148	839	995	1135	956	568	892	807	754	1514	892	825	4289	2936	2961	1117	1030	525
YNL276C	4430	10307	13755	3356	7939	5929	3348	7217	6625	3360	7994	7387	2459	2373	1733	3791	8936	3481
YNL277W-A	0	0	0	0	0	0	0	0	0	0	0	0	2	3	1	2	0	0
YNL285W	24	16	7	7	2	6	14	6	5	13	3	35	56	36	45	12	8	6
YNL303W	307	61	21	79	40	5	79	65	20	64	27	15	332	222	226	59	63	26
YNL319W	1	4	0	16	48	1	0	9	2	7	43	8	299	333	182	52	123	56
YNL320W	696	2387	1714	1192	2532	1212	1136	2091	981	1370	2058	1794	1595	1489	1188	1344	3024	1201
YNL324W	28	2	158	38	12	27	50	54	61	49	46	51	316	295	255	79	103	45
YNL338W	0	0	0	0	0	0	0	0	0	0	0	1	0	0	0	0	0	0
YNR005C	908	1536	2235	588	586	790	1052	753	773	693	881	1018	793	562	698	1759	2244	1320
YNR014W	255	40	26	148	33	64	220	31	64	168	25	84	611	397	502	136	120	64
YNR025C	3148	4217	6667	3373	3068	3162	2244	1905	2663	3204	2620	6105	2407	1521	2441	4967	4558	3793
YNR048W	2507	1418	3322	2770	1865	1469	2298	1085	1759	2887	1657	2345	3691	2402	3202	2737	2458	1333
YNR061C	1011	2110	4276	1776	2595	2120	1335	1450	2024	1728	2461	3269	1580	1257	1199	1653	2637	1336
YNR064C	356	10	28	69	21	88	126	16	110	57	29	165	1115	777	728	198	155	132
YNR065C	661	98	248	239	63	194	282	63	268	314	26	229	929	707	654	194	218	77
YNR066C	329	86	167	245	81	74	474	54	136	273	90	88	692	528	464	129	154	44
YNR068C	45	35	154	1050	674	963	20	12	26	1143	600	2229	1439	965	1433	1019	968	622
YNR071C	3	121	183	88	93	96	36	40	7	129	112	110	1047	921	867	183	240	93
YOL013W-A	85	57	157	75	86	36	76	26	65	93	67	139	50	34	43	53	71	86
YOL013W-B	1132	1232	1127	1665	1217	626	1138	876	517	1716	1229	1087	3256	1991	2647	1872	1713	733
YOL014W	14	54	0	16	31	2	39	32	0	49	27	1	221	159	169	43	68	4
YOL019W-A	5603	4221	6790	4708	3483	3426	4897	2665	3197	5297	3977	5280	5750	3655	4750	5956	4927	2369
YOL024W	2	3	4	2	1	1	1	3	0	13	3	7	7	6	4	2	2	3
YOL029C	812	330	984	384	229	202	472	726	204	471	210	417	1806	1320	1404	393	440	225
YOL035C	2	17	6	117	162	70	4	6	2	101	139	156	434	344	365	165	176	39
YOL036W	285	659	794	474	938	902	204	932	460	638	1788	793	469	504	423	509	1116	505
YOL037C	15	105	95	6	47	35	15	43	32	9	63	45	284	213	190	59	71	40
YOL038C-A	243	1197	721	300	664	438	266	583	635	405	716	586	2443	1973	1919	720	979	421
YOL046C	107	115	377	72	59	132	64	77	269	34	62	214	727	736	687	229	275	94
YOL057W	70	16	63	32	27	14	99	32	51	56	25	33	279	179	148	56	49	49
YOL075C	59	118	0	55	39	0	27	19	0	51	47	1	241	178	249	58	49	53
YOL079W	519	93	5	116	115	54	42	74	52	185	210	84	353	200	249	101	148	54
YOL085C	296	124	172	182	200	118	230	234	177	213	225	188	893	711	729	241	229	117
YOL097W-A	569	768	115	339	360	97	579	317	55	372	454	188	1348	930	888	273	303	106
YOL099C	329	288	63	182	128	108	112	54	54	225	157	125	1227	790	870	284	291	127
YOL106W	2450	5673	8505	1656	4434	3396	1932	3485	3622	1694	4830	5045	3139	2920	2167	2486	5609	2200
YOL107W	487	305	311	265	159	87	301	257	124	292	227	149	906	723	677	216	212	104
YOL118C	145	292	469	217	438	159	350	693	136	184	358	186	719	711	470	458	619	193
YOL131W	237	43	353	21	37	2	49	87	1	42	44	55	262	171	208	68	53	23
YOL150C	1428	3330	2752	652	1781	1330	808	1737	1581	818	1973	1634	2684	2419	1583	1499	2710	936
YOL153C	0	2	0	0	0	0	0	0	0	0	0	0	0	0	0	0	0	0
YOL159C-A	2254	1214	3935	2088	1597	1483	1628	709	1117	2261	1591	1794	4187	2883	3149	2188	1992	879
YOL160W	32	63	109	20	34	14	15	16	3	23	26	31	137	131	113	25	62	25
YOL162W	217	651	630	314	200	137	320	120	76	342	202	311	1068	739	880	498	406	260
YOL163W	132	95	144	94	108	60	172	74	58	101	101	152	682	492	449	112	172	59
YOL164W-A	2543	4110	8929	4378	4710	4174	3139	3026	3725	4393	4298	7234	5631	3874	4916	5325	5473	2644
YOP1	867	1678	1435	1025	1165	620	1080	1078	687	1138	1072	730	893	670	665	838	1385	540
YOR008C-A	2813	1749	2511	1562	1082	1076	1422	970	1326	1903	1171	1615	9639	7558	7163	1721	2054	935
YOR012W	274	219	325	201	183	129	319	159	78	257	180	167	823	635	611	178	222	96
YOR015W	47	9	4	118	123	3	58	11	6	144	143	14	566	435	450	205	145	86
YOR019W	0	0	0	0	0	0	1	0	0	0	0	0	0	0	0	0	0	0
YOR024W	257	167	488	245	182	202	359	160	241	349	189	270	832	563	692	374	256	162
YOR029W	458	66	470	213	83	154	257	115	354	209	108	187	590	365	411	155	152	76
YOR034C-A	1599	1326	2190	1414	1050	589	1562	964	786	1720	1070	890	3717	2392	3160	1786	1325	712
YOR041C	613	85	247	256	85	63	152	41	95	258	95	39	583	382	366	165	139	87
YOR053W	315	299	1922	392	246	465	330	148	483	358	229	503	1070	801	786	547	387	175
YOR055W	0	0	0	0	0	1	0	0	0	0	0	0	0	0	0	0	0	0
YOR062C	588	402	3	509	219	19	544	158	61	592	269	42	1217	1078	914	325	360	166
YOR072W	4	32	456	54	9	53	1	47	27	69	18	97	668	622	550	160	208	60
YOR082C	8	7	19	340	109	101	6	20	2	319	60	249	447	329	370	261	258	118
YOR088W	128	151	296	120	97	84	155	87	138	110	113	70	864	629	556	128	215	116
YOR097C	449	224	64	236	320	120	337	182	104	251	289	199	906	628	748	418	340	188
YOR105W	54	9	8	212	172	43	47	7	4	194	133	91	556	376	401	136	124	102
YOR111W	2131	616	3019	1389	574	923	1878	332	878	1518	523	1521	2564	1559	1853	1227	1107	624
YOR121C	223	150	111	54	81	49	110	199	52	75	101	71	271	237	175	72	81	60
YOR131C	464	78	264	259	83	66	308	42	148	284	67	78	404	309	330	104	101	37
YOR139C	0	0	2	0	0	0	0	0	0	0	0	0	0	0	2	0	0	0
YOR161C-C	2	0	0	4	2	0	2	2	2	3	0	0	12	8	2	2	2	0
YOR170W	1	0	0	0	0	0	0	0	0	0	0	0	0	0	0	0	0	0
YOR186W	0	0	0	0	0	2	2	0	0	0	0	0	3	3	2	0	2	2
YOR218C	0	0	0	0	0	0	0	0	0	0	0	1	0	0	0	0	0	0
YOR225W	348	2027	2406	379	1055	819	576	1000	920	337	1033	1020	673	500	479	500	956	313
YOR238W	230	91	413	108	74	104	190	84	141	195	97	155	937	555	690	212	258	130
YOR240W	120	8	21	131	9	25	110	16	9	126	22	25	573	338	366	91	124	48
YOR248W	259	132	32	104	41	6	234	167	6	144	47	34	256	194	217	68	107	41
YOR263C	4	87	7	97	22	15	96	59	38	127	61	49	379	326	303	98	84	54
YOR268C	185	130	69	101	95	55	72	67	91	82	77	85	395	258	293	97	74	49
YOR277C	456	28	38	132	16	9	200	19	6	169	23	17	252	153	193	59	40	37
YOR283W	47	139	55	6	38	3	18	21	0	29	30	16	206	112	119	28	14	18
YOR289W	498	166	142	186	224	70	405	125	184	202	216	134	1223	773	877	299	350	115
YOR292C	0	0	2	0	0	0	0	0	0	0	0	0	0	2	0	0	0	0
YOR293C-A	10284	8826	13146	6022	4176	5229	9400	4918	7034	7002	4166	8224	7162	5221	6257	5888	5034	3556
YOR296W	26	41	1	55	34	27	66	9	6	68	62	49	339	322	283	56	69	48
YOR300W	1724	1549	1532	1016	807	611	1322	717	460	1260	863	922	3546	2347	2799	1573	1288	541
YOR302W	529	545	968	510	334	324	479	295	357	540	260	581	2646	2020	1931	637	718	369
YOR309C	196	59	734	147	41	95	85	18	161	132	51	135	453	519	244	184	242	82
YOR314W	0	0	0	0	0	0	1	1	0	0	0	0	2	0	0	0	0	0
YOR318C	0	0	0	0	0	1	0	1	0	2	0	4	6	2	2	6	4	0
YOR325W	273	134	61	126	68	71	176	128	68	153	46	138	788	576	631	157	157	87
YOR331C	0	0	0	0	0	1	0	0	0	0	0	0	0	0	0	0	0	0
YOR333C	0	0	0	0	0	0	0	0	0	0	0	0	43	67	42	14	9	4
YOR338W	102	25	45	67	23	19	110	24	14	73	39	35	312	224	169	73	89	41
YOR342C	27	118	10	254	500	152	26	95	2	282	474	401	866	634	731	533	477	209
YOR343C	113	56	218	186	43	104	211	78	199	159	28	155	858	531	568	198	215	67
YOR345C	102	793	974	180	184	213	284	143	375	221	204	298	1356	1053	994	309	356	184
YOR364W	1794	3011	6813	2859	3444	2065	2333	2064	2510	2743	3502	4224	4852	3273	3824	3687	4357	3021
YOR365C	336	228	229	244	129	109	197	49	75	315	166	283	847	667	677	246	266	131
YOR366W	2	2	4	0	0	0	0	1	0	2	4	0	4	6	2	2	0	0
YOR376W	8	2	14	20	0	4	3	0	4	2	2	10	54	43	43	12	6	7
YOR376W-A	51381	42264	90595	46388	33491	41585	35507	22401	36193	49092	30540	72537	24807	18243	24423	43345	39161	31344
YOR379C	15	4	17	4	2	4	4	2	6	6	3	12	50	41	27	13	17	14
YOS9	160	152	45	46	107	14	75	96	13	50	66	21	506	416	348	77	119	51
YOX1	11	6	25	8	10	2	18	2	14	11	22	8	39	39	19	22	29	4
YPC1	125	34	244	115	42	57	188	2	101	149	49	75	544	397	379	157	140	84
YPF1	130	155	15	115	99	85	133	69	38	241	70	95	705	508	551	268	274	180
YPK2	339	49	52	132	18	33	127	35	108	120	23	32	643	417	442	129	137	62
YPK3	70	165	29	110	108	36	91	25	43	148	87	66	323	280	254	90	79	24
YPL034W	122	254	160	98	184	128	145	119	176	183	202	250	1312	1019	986	316	318	143
YPL038W-A	10886	10588	15010	10351	8258	6708	12492	5780	6788	11046	7952	9975	17933	13005	15110	11855	10224	4566
YPL071C	187	203	1042	192	225	328	128	100	252	231	226	623	467	356	447	578	527	322
YPL073C	1	2	2	3	0	2	1	0	4	0	0	2	4	1	3	1	4	1
YPL077C	1086	1477	1543	996	924	713	1140	793	955	890	1001	1264	757	567	703	923	950	575
YPL102C	0	45	24	61	135	25	52	42	16	82	140	36	476	591	327	186	319	91
YPL113C	341	293	186	260	154	124	295	191	119	217	198	125	1265	1042	958	294	304	136
YPL119C-A	2624	2136	2359	1876	1585	1183	2179	1592	992	2373	1706	2003	6313	5510	5704	1736	2340	1044
YPL136W	378	284	328	199	160	111	264	118	110	282	204	237	1042	696	819	364	347	159
YPL150W	863	1993	3547	992	1600	1335	1703	1566	1521	1053	1668	1847	1359	1139	947	1001	1691	674
YPL152W-A	3779	2906	4096	2098	2248	1349	3346	2194	1840	2715	2270	2197	10747	8927	9037	2568	2920	1243
YPL162C	740	3394	3745	697	2495	1731	649	2328	1749	767	2383	1875	971	1039	765	1039	2513	856
YPL185W	366	183	97	178	156	153	282	42	156	235	139	301	901	851	825	324	277	111
YPL197C	1447	651	2186	982	496	724	1724	534	757	1012	523	832	3247	1930	2476	1550	1158	655
YPL199C	107	85	175	70	83	94	104	57	104	73	47	174	399	348	360	95	106	38
YPL205C	8	28	2	97	35	32	167	34	49	105	26	14	606	543	509	229	239	74
YPL216W	108	57	303	98	64	49	90	104	94	97	74	94	681	500	400	164	135	59
YPL225W	0	0	0	0	1	0	0	0	1	0	0	0	0	0	0	0	0	0
YPL229W	341	996	2183	301	883	877	608	921	961	410	907	1058	427	437	343	414	1096	434
YPL245W	457	112	809	179	53	124	467	49	154	238	64	167	894	707	655	197	221	102
YPL247C	711	147	786	462	185	304	577	155	314	620	236	474	737	564	697	340	464	157
YPL261C	4	44	0	28	4	6	14	1	2	18	33	8	207	187	108	21	43	18
YPL264C	197	72	316	327	298	78	130	145	47	323	268	126	1132	825	813	322	312	137
YPQ1	5278	2844	6011	4015	3727	3281	3201	1913	2461	4067	3399	4395	4395	2676	3934	4566	3549	1703
YPQ2	6	24	50	8	18	14	11	22	20	17	34	11	188	111	121	30	26	17
YPR014C	64	20	85	38	35	68	30	23	50	26	25	46	551	340	378	88	128	54
YPR027C	251	14	78	189	33	38	252	45	39	145	28	40	506	422	399	110	147	61
YPR039W	1301	3031	5640	1028	2775	2723	1500	1875	1980	1089	3166	4017	1831	1526	1330	1580	3163	1330
YPR059C	91	110	320	36	82	95	64	111	136	63	101	162	113	113	92	107	274	92
YPR063C	119	29	108	130	40	36	121	15	53	191	36	100	617	565	459	212	187	79
YPR076W	129	73	189	72	71	73	40	25	82	81	49	104	391	262	283	92	105	54
YPR077C	392	325	193	309	170	135	362	93	177	368	227	165	1183	814	799	268	269	104
YPR078C	100	44	112	97	8	80	143	2	129	121	7	117	386	287	326	100	115	34
YPR089W	272	25	251	102	42	71	30	160	33	50	28	123	435	296	265	88	65	45
YPR090W	167	454	482	89	384	320	112	338	341	156	519	376	277	383	282	297	654	252
YPR092W	10	23	4	419	288	88	5	2	3	419	234	175	467	295	406	314	317	178
YPR096C	502	289	527	500	607	599	194	20	27	568	563	971	1088	910	999	861	899	473
YPR1	165	237	57	52	100	16	68	230	37	75	114	62	277	233	202	112	130	62
YPR108W-A	2101	1465	2156	1939	1279	764	2689	1046	943	2386	1307	1299	9692	7892	7302	1994	2527	1130
YPR159C-A	1206	2545	3053	837	1485	1275	1319	1561	1553	964	1420	1623	2305	1906	1710	1184	2369	890
YPR177C	0	0	0	0	0	0	0	0	0	0	0	0	0	0	0	0	1	0
YPS1	0	0	0	0	0	0	0	0	0	0	0	0	0	2	2	0	0	0
YPS3	6	0	14	12	2	1	6	2	11	2	0	2	22	15	11	0	4	4
YPS5	110	187	8	201	204	25	204	301	4	257	206	6	921	730	729	213	201	101
YPS6	187	79	128	251	44	20	141	80	24	202	41	64	723	593	521	115	182	70
YPS7	19	58	0	40	7	0	1	1	0	28	10	2	248	247	182	27	32	10
YPT11	204	40	100	234	94	102	242	73	84	297	25	105	961	685	685	201	245	68
YPT31	137	9	68	125	42	2	33	13	2	140	45	34	265	222	191	56	51	22
YPT35	1832	783	2375	955	498	1014	1030	528	1462	995	571	1138	2009	1271	1525	1049	784	473
YPT52	226	196	291	6830	4602	2343	135	47	79	6137	4250	5942	6938	4972	6006	3762	4396	2233
YPT53	0	0	1	0	0	0	0	0	0	0	0	0	0	0	0	0	0	0
YPT6	0	0	0	2	0	0	0	0	0	0	0	0	0	0	0	0	0	0
YPT7	37	463	549	115	306	199	63	230	216	98	331	255	351	514	300	155	723	237
YRA2	2	0	10	0	0	2	1	2	0	0	0	0	0	0	0	2	0	2
YRB30	70	140	215	130	112	169	97	155	181	223	166	346	1133	842	847	281	303	87
YRF1-6	215	470	124	142	367	82	43	399	79	124	299	59	1038	755	741	234	212	94
YRM1	18	46	77	51	79	29	18	38	47	40	91	71	496	324	301	93	127	63
YRO2	6	92	14	25	60	43	24	25	36	50	47	59	350	230	240	95	96	26
YRR1	79	492	131	105	139	205	210	511	241	135	159	236	762	537	564	255	241	88
YSC83	87	156	326	128	123	93	155	180	176	127	147	137	377	313	264	201	291	122
YSC84	570	414	624	407	501	324	762	778	432	384	447	442	862	656	521	477	777	337
YSP2	883	934	1681	2752	2908	1706	324	571	627	2590	2880	3530	3205	2173	2930	3127	3503	2326
YSP3	478	155	321	310	119	155	421	27	159	369	141	170	1009	678	702	220	225	90
YSR3	730	1480	2208	647	1258	815	685	856	1117	673	1217	1107	828	675	579	719	1615	642
YSW1	109	89	180	66	340	51	53	85	17	101	246	70	359	244	239	168	156	55
YSY6	768	889	2182	974	784	850	772	889	756	966	709	1351	848	559	703	1346	971	520
YTA12	2	0	0	4	0	0	0	0	0	2	0	1	10	14	10	0	2	0
YTA6	828	192	148	323	262	175	595	127	160	408	292	308	1306	990	969	373	353	129
YTA7	12	7	47	237	421	118	7	6	9	260	396	322	1174	1369	1023	1166	1630	472
YTM1	0	1	1	0	0	1	0	0	0	0	0	0	3	1	0	0	0	0
YUH1	256	76	30	107	118	30	132	139	41	91	94	22	688	535	515	128	133	43
YUR1	664	1358	1282	923	975	715	592	465	418	992	1082	1443	907	920	1015	1681	1566	813
YVC1	143	213	224	175	102	94	519	139	247	191	98	121	787	606	569	212	209	113
ZDS2	754	270	121	310	102	149	411	83	386	462	108	191	889	566	600	208	188	115
ZEO1	641	565	869	645	485	389	488	165	310	604	555	573	1341	973	1314	924	977	597
ZIP1	13	2	42	20	4	6	31	35	6	23	8	11	203	112	58	24	33	13
ZIP2	36	1	185	54	7	16	2	4	11	82	4	43	526	437	317	123	126	67
ZNF1	2671	690	1949	948	473	908	1085	579	1129	1072	527	1016	3390	2170	2816	1323	1000	588
ZNG1	142	96	47	88	73	15	69	110	1	101	68	25	343	364	275	124	152	49
ZRG17	1806	118	89	78	84	91	69	95	75	112	60	121	534	334	366	125	140	47
ZRG8	170	58	200	140	72	50	61	32	128	94	60	93	336	230	218	114	91	41
ZRT2	393	191	232	259	106	46	476	55	69	398	100	47	825	455	561	156	166	59
ZRT3	196	157	4	163	97	1	414	130	0	275	93	0	429	284	319	60	95	35
ZTA1	18	6	20	39	40	13	38	21	26	76	51	14	254	174	173	50	64	38
ZUO1	0	24	2	12	55	6	2	1	0	4	63	10	50	210	64	209	1372	106
